DSEX,Date,Open,High,Low,Close,64248935
DSEX,01/28/2013,4055.91,4090.47,4171.41,4197.44,64248935
DSEX,01/29/2013,4090.47,4154.61,4090.47,4154.61,98012419
DSEX,01/30/2013,4154.61,4188.74,4126.75,4126.75,78410923
DSEX,01/31/2013,4126.75,4149.54,4119.95,4136.30,80993249
DSEX,02/03/2013,4136.30,4174.59,4125.01,4163.82,87408317
DSEX,02/04/2013,4163.82,4207.52,4161.27,4164.62,91756416
DSEX,02/05/2013,4164.62,4202.36,4150.18,4191.50,67465788
DSEX,02/06/2013,4191.50,4230.84,4191.50,4201.98,66895776
DSEX,02/07/2013,4201.98,4221.27,4196.76,4199.58,84985585
DSEX,02/10/2013,4199.58,4259.57,4199.58,4248.44,106828828
DSEX,02/11/2013,4248.44,4295.81,4248.44,4271.15,113042853
DSEX,02/12/2013,4271.15,4300.44,4240.43,4240.43,110653005
DSEX,02/13/2013,4240.43,4263.10,4232.94,4253.45,113622705
DSEX,02/14/2013,4253.45,4316.60,4253.45,4304.97,142177367
DSEX,02/17/2013,4304.97,4344.20,4286.32,4286.32,107595691
DSEX,02/18/2013,4286.32,4310.93,4264.35,4265.09,125084596
DSEX,02/19/2013,4265.09,4277.00,4210.26,4210.26,128826067
DSEX,02/20/2013,4210.26,4219.13,4154.43,4155.45,98186449
DSEX,02/24/2013,4155.45,4155.45,4057.42,4058.65,70619021
DSEX,02/25/2013,4058.65,4111.00,4009.64,4010.27,73164666
DSEX,02/26/2013,4010.27,4079.79,4010.27,4068.40,63799206
DSEX,02/27/2013,4068.40,4071.90,3952.74,3956.89,80706691
DSEX,02/28/2013,3956.89,3989.19,3925.57,3973.28,49327674
DSEX,03/03/2013,3973.28,3973.28,3760.83,3765.98,63208184
DSEX,03/04/2013,3765.98,3925.42,3765.98,3894.59,58694019
DSEX,03/05/2013,3894.59,3954.76,3879.68,3884.50,52995187
DSEX,03/06/2013,3884.50,3897.12,3853.51,3854.65,58319037
DSEX,03/07/2013,3854.65,3854.65,3799.46,3832.85,43911047
DSEX,03/10/2013,3832.85,3865.45,3789.81,3791.86,46780532
DSEX,03/11/2013,3791.86,3791.86,3718.01,3761.97,49355648
DSEX,03/12/2013,3761.97,3807.64,3723.29,3787.86,41184033
DSEX,03/13/2013,3787.86,3861.73,3787.58,3836.11,48099902
DSEX,03/14/2013,3836.11,3855.32,3828.98,3845.80,44016115
DSEX,03/18/2013,3845.80,3871.96,3820.48,3862.70,38618657
DSEX,03/19/2013,3862.70,3908.41,3862.70,3894.61,43735733
DSEX,03/20/2013,3894.61,3896.63,3852.22,3856.61,43070754
DSEX,03/24/2013,3856.61,3867.22,3774.71,3774.71,44969689
DSEX,03/25/2013,3774.71,3776.94,3721.94,3725.60,41823805
DSEX,03/27/2013,3725.60,3725.60,3636.68,3642.70,40918753
DSEX,03/28/2013,3642.70,3692.36,3642.70,3681.65,31203006
DSEX,03/31/2013,3681.65,3681.65,3587.02,3590.04,41154685
DSEX,04/01/2013,3590.04,3590.04,3458.10,3458.10,44850421
DSEX,04/02/2013,3458.10,3519.69,3449.20,3503.14,36476540
DSEX,04/03/2013,3503.14,3551.86,3503.14,3526.13,44114801
DSEX,04/04/2013,3526.13,3526.13,3487.21,3507.85,45133123
DSEX,04/07/2013,3507.85,3509.86,3488.18,3493.27,40166093
DSEX,04/08/2013,3493.27,3525.14,3474.75,3515.09,57454003
DSEX,04/09/2013,3515.09,3611.19,3515.09,3594.42,62594765
DSEX,04/10/2013,3594.42,3658.89,3594.42,3611.30,74780904
DSEX,04/11/2013,3611.30,3611.40,3577.81,3590.02,52504908
DSEX,04/15/2013,3590.02,3652.48,3590.02,3636.76,64664385
DSEX,04/16/2013,3636.76,3639.78,3571.49,3571.49,65776119
DSEX,04/17/2013,3571.49,3588.12,3554.99,3572.68,55209497
DSEX,04/18/2013,3572.68,3589.82,3569.55,3571.26,70075498
DSEX,04/21/2013,3571.26,3586.99,3525.14,3525.14,48082897
DSEX,04/22/2013,3525.14,3532.98,3513.63,3515.96,42466580
DSEX,04/23/2013,3515.96,3530.76,3515.26,3515.26,39195165
DSEX,04/24/2013,3515.26,3524.68,3499.81,3506.56,40840157
DSEX,04/25/2013,3506.56,3526.70,3502.71,3503.56,35766773
DSEX,04/28/2013,3503.56,3503.56,3446.49,3454.52,35678975
DSEX,04/29/2013,3454.52,3460.80,3431.85,3444.80,41282958
DSEX,04/30/2013,3444.80,3452.00,3426.65,3438.89,43890352
DSEX,05/02/2013,3438.89,3475.46,3402.99,3468.18,57230160
DSEX,05/05/2013,3468.18,3484.94,3451.42,3468.56,47679820
DSEX,05/06/2013,3468.56,3480.57,3456.85,3472.17,29047913
DSEX,05/07/2013,3472.17,3538.69,3472.17,3526.60,52509615
DSEX,05/08/2013,3526.60,3571.82,3516.65,3516.91,65886633
DSEX,05/09/2013,3516.91,3576.05,3505.12,3559.25,56178438
DSEX,05/12/2013,3559.25,3656.08,3559.25,3639.80,87006426
DSEX,05/13/2013,3639.80,3695.70,3631.22,3679.83,90764312
DSEX,05/14/2013,3679.83,3781.46,3679.83,3771.05,135820488
DSEX,05/15/2013,3771.06,3791.18,3715.93,3715.93,116856209
DSEX,05/16/2013,3715.93,3789.11,3715.18,3773.78,124993528
DSEX,05/19/2013,3773.78,3887.48,3773.78,3873.62,156864272
DSEX,05/20/2013,3873.62,3948.83,3873.62,3902.39,146951083
DSEX,05/21/2013,3902.39,3922.68,3824.73,3832.62,121731345
DSEX,05/22/2013,3832.62,3845.17,3760.42,3762.08,94238427
DSEX,05/26/2013,3762.08,3786.49,3683.98,3683.98,57422024
DSEX,05/27/2013,3683.98,3771.34,3683.98,3748.22,57525884
DSEX,05/28/2013,3748.22,3799.63,3748.22,3757.99,79540389
DSEX,05/29/2013,3757.99,3864.90,3757.99,3855.14,110991500
DSEX,05/30/2013,3855.14,3929.75,3855.14,3878.07,135775478
DSEX,06/02/2013,3878.07,3956.79,3878.07,3943.24,148074928
DSEX,06/03/2013,3943.24,3990.93,3933.31,3974.97,154994957
DSEX,06/04/2013,3974.97,4010.40,3973.49,3974.48,160676293
DSEX,06/05/2013,3974.48,4062.67,3964.51,4048.03,164767743
DSEX,06/06/2013,4048.03,4087.52,4021.49,4028.12,150569746
DSEX,06/09/2013,4028.12,4028.12,3882.81,3882.81,119691460
DSEX,06/10/2013,3882.81,4021.56,3882.81,4006.83,120477285
DSEX,06/11/2013,4006.83,4082.73,4006.83,4062.74,157720412
DSEX,06/12/2013,4062.74,4128.42,4062.74,4103.39,197211529
DSEX,06/13/2013,4103.39,4124.87,4079.72,4079.80,155403412
DSEX,06/16/2013,4079.80,4193.83,4079.80,4179.67,190639980
DSEX,06/17/2013,4179.67,4250.78,4165.70,4165.70,216902517
DSEX,06/18/2013,4165.70,4196.48,4151.84,4184.46,230011931
DSEX,06/19/2013,4184.46,4286.31,4184.46,4259.21,238292208
DSEX,06/20/2013,4259.21,4289.16,4213.17,4213.92,163378117
DSEX,06/23/2013,4213.92,4270.48,4170.15,4170.15,135757434
DSEX,06/24/2013,4170.15,4199.28,4121.68,4146.55,104697486
DSEX,06/26/2013,4146.55,4235.94,4146.55,4190.09,138399277
DSEX,06/27/2013,4190.09,4215.52,4149.16,4149.16,116693247
DSEX,06/30/2013,4149.16,4152.02,4067.89,4104.64,105737563
DSEX,07/02/2013,4104.64,4240.50,4104.64,4224.16,133368970
DSEX,07/03/2013,4224.16,4270.93,4224.16,4231.95,159585620
DSEX,07/04/2013,4231.95,4285.10,4231.95,4270.42,195339099
DSEX,07/07/2013,4270.42,4334.12,4270.42,4278.09,185911996
DSEX,07/08/2013,4278.09,4294.36,4263.23,4263.23,206344283
DSEX,07/09/2013,4263.23,4338.53,4263.23,4321.31,240925332
DSEX,07/10/2013,4321.31,4423.29,4321.31,4345.45,185828424
DSEX,07/11/2013,4345.45,4385.07,4262.93,4262.93,118546624
DSEX,07/14/2013,4262.93,4304.52,4195.48,4206.60,90901527
DSEX,07/15/2013,4206.60,4310.55,4206.60,4275.49,118903715
DSEX,07/16/2013,4275.49,4368.05,4275.49,4295.83,155310110
DSEX,07/17/2013,4295.83,4355.33,4281.18,4284.13,151748320
DSEX,07/18/2013,4284.13,4285.71,4215.73,4223.61,130255495
DSEX,07/21/2013,4223.61,4270.57,4082.98,4090.02,104164110
DSEX,07/22/2013,4090.02,4133.95,4047.65,4054.74,77986845
DSEX,07/23/2013,4054.74,4075.86,3929.57,3929.57,81745941
DSEX,07/24/2013,3929.57,4090.55,3923.37,4076.50,90323005
DSEX,07/25/2013,4076.50,4117.08,3975.41,3979.19,90954929
DSEX,07/28/2013,3979.19,3982.18,3898.66,3919.72,44034025
DSEX,07/29/2013,3919.72,3993.46,3919.72,3975.12,59123936
DSEX,07/30/2013,3975.12,4020.99,3952.81,3957.20,71397086
DSEX,07/31/2013,3957.20,4001.20,3938.87,3940.80,71865256
DSEX,08/01/2013,3940.80,3944.54,3894.81,3911.75,62537500
DSEX,08/04/2013,3911.75,3911.75,3823.73,3833.53,44417305
DSEX,08/05/2013,3833.53,3901.45,3831.40,3891.97,41653243
DSEX,08/12/2013,3891.97,3926.44,3871.07,3916.83,33270272
DSEX,08/13/2013,3916.83,3988.03,3916.83,3979.35,61123175
DSEX,08/14/2013,3979.35,3995.53,3961.97,3983.46,80587884
DSEX,08/18/2013,3983.46,4043.23,3983.46,4033.77,95290986
DSEX,08/19/2013,4033.77,4092.22,4009.87,4083.91,90492550
DSEX,08/20/2013,4083.91,4147.94,4082.34,4082.67,113337417
DSEX,08/21/2013,4082.67,4129.87,4068.72,4068.72,102283275
DSEX,08/22/2013,4068.72,4135.99,4068.72,4125.27,131415994
DSEX,08/25/2013,4125.27,4198.65,4125.27,4163.18,136947246
DSEX,08/26/2013,4163.18,4201.56,4132.96,4134.12,100760648
DSEX,08/27/2013,4134.12,4179.60,4132.13,4132.13,113953843
DSEX,08/29/2013,4132.13,4159.92,4115.14,4127.48,89188578
DSEX,09/01/2013,4127.48,4176.61,4127.48,4140.30,95298226
DSEX,09/02/2013,4140.30,4162.19,4100.35,4100.35,83341872
DSEX,09/03/2013,4100.35,4143.34,4093.98,4127.61,73204713
DSEX,09/04/2013,4127.61,4180.77,4127.08,4128.18,97341152
DSEX,09/05/2013,4128.18,4154.35,4118.49,4118.49,83107504
DSEX,09/08/2013,4118.49,4133.04,4072.68,4077.36,58444477
DSEX,09/09/2013,4077.36,4111.16,4058.25,4071.16,76590579
DSEX,09/10/2013,4071.16,4116.77,4071.16,4073.63,107585696
DSEX,09/11/2013,4073.63,4111.23,4073.63,4076.96,97615694
DSEX,09/12/2013,4076.96,4109.89,4076.96,4077.94,97547534
DSEX,09/15/2013,4077.94,4123.90,4077.94,4123.90,119917987
DSEX,09/16/2013,4123.90,4137.93,4123.90,4137.93,113027245
DSEX,09/17/2013,4137.93,4137.93,4118.81,4118.81,155660652
DSEX,09/18/2013,4118.81,4163.72,4115.93,4116.16,150742103
DSEX,09/19/2013,4116.16,4137.77,4082.31,4097.71,107875458
DSEX,09/22/2013,4097.71,4101.85,4036.78,4036.78,96138195
DSEX,09/23/2013,4036.78,4053.22,4019.23,4021.08,133348061
DSEX,09/24/2013,4021.08,4066.54,4021.08,4030.09,116506353
DSEX,09/25/2013,4030.09,4052.39,3998.48,4005.92,82891695
DSEX,09/26/2013,4005.92,4037.26,3999.39,4013.37,82311274
DSEX,09/29/2013,4013.37,4034.81,3966.81,3968.79,96783039
DSEX,09/30/2013,3968.79,3968.79,3929.17,3937.68,69624767
DSEX,10/01/2013,3937.68,3966.94,3927.87,3928.48,64940448
DSEX,10/02/2013,3928.48,3964.62,3928.48,3954.48,86234958
DSEX,10/03/2013,3954.48,3987.17,3948.44,3948.44,69061326
DSEX,10/06/2013,3948.44,3959.79,3882.33,3882.33,62927966
DSEX,10/07/2013,3882.33,3889.05,3857.25,3857.25,54643302
DSEX,10/08/2013,3857.25,3866.10,3792.35,3792.35,68399799
DSEX,10/09/2013,3792.35,3846.23,3777.44,3821.56,61060886
DSEX,10/10/2013,3821.56,3854.16,3821.56,3843.55,60640300
DSEX,10/20/2013,3843.55,3843.55,3770.89,3771.68,31313772
DSEX,10/21/2013,3771.68,3782.87,3689.46,3763.88,45677895
DSEX,10/22/2013,3763.88,3829.47,3763.88,3814.66,48075540
DSEX,10/23/2013,3814.66,3896.22,3814.66,3883.86,82130010
DSEX,10/24/2013,3883.86,3883.86,3799.27,3799.27,67708689
DSEX,10/27/2013,3799.27,3923.09,3799.27,3909.14,79806520
DSEX,10/28/2013,3909.14,4012.55,3909.14,3951.50,116266186
DSEX,10/29/2013,3951.50,4004.65,3908.91,3989.14,118051712
DSEX,10/30/2013,3989.14,4021.79,3938.46,3946.01,118101429
DSEX,10/31/2013,3946.01,4006.08,3939.67,3967.72,99642029
DSEX,11/03/2013,3967.72,4012.21,3954.20,3993.33,79339074
DSEX,11/04/2013,3993.33,4093.70,3993.33,4085.20,110136978
DSEX,11/05/2013,4085.20,4148.39,4085.20,4090.12,120161692
DSEX,11/06/2013,4090.12,4135.32,4090.12,4111.96,127153576
DSEX,11/07/2013,4111.96,4212.75,4111.96,4200.80,151000272
DSEX,11/10/2013,4200.80,4256.55,4179.53,4244.70,182806309
DSEX,11/11/2013,4244.70,4306.87,4196.61,4198.50,191031982
DSEX,11/12/2013,4198.50,4245.63,4183.01,4197.71,132077044
DSEX,11/13/2013,4197.71,4244.88,4197.71,4212.72,142631397
DSEX,11/14/2013,4212.72,4278.38,4212.72,4241.54,155694110
DSEX,11/17/2013,4241.54,4271.40,4233.64,4256.42,155082983
DSEX,11/18/2013,4256.42,4293.28,4256.42,4279.42,156273538
DSEX,11/19/2013,4279.42,4391.85,4279.42,4381.37,199002743
DSEX,11/20/2013,4381.37,4456.47,4381.37,4439.59,237426640
DSEX,11/21/2013,4439.59,4440.34,4382.39,4395.93,191292439
DSEX,11/24/2013,4395.93,4418.38,4324.70,4324.70,165089083
DSEX,11/25/2013,4324.70,4404.07,4324.70,4354.88,189363817
DSEX,11/26/2013,4354.88,4373.68,4277.54,4277.54,184284397
DSEX,11/27/2013,4277.54,4315.19,4262.63,4268.65,132072569
DSEX,11/28/2013,4268.65,4282.31,4210.35,4230.72,92487750
DSEX,12/01/2013,4230.72,4230.72,4147.20,4147.20,87435074
DSEX,12/02/2013,4147.20,4224.60,4147.20,4197.92,81472441
DSEX,12/03/2013,4197.92,4320.32,4197.92,4310.72,117469101
DSEX,12/04/2013,4310.72,4340.51,4292.13,4294.22,105927440
DSEX,12/05/2013,4294.22,4294.45,4267.13,4277.39,93279873
DSEX,12/08/2013,4277.39,4327.27,4277.39,4302.56,123914786
DSEX,12/09/2013,4302.56,4347.64,4289.82,4289.82,155147409
DSEX,12/10/2013,4289.82,4339.93,4289.82,4329.53,194010125
DSEX,12/11/2013,4329.53,4367.07,4329.53,4333.79,190055631
DSEX,12/12/2013,4333.79,4348.70,4290.70,4299.58,144235570
DSEX,12/15/2013,4299.58,4314.19,4280.72,4280.72,121994937
DSEX,12/17/2013,4280.72,4313.47,4270.58,4270.58,151343881
DSEX,12/18/2013,4270.58,4290.32,4240.12,4240.12,123541935
DSEX,12/19/2013,4240.12,4257.66,4221.14,4244.63,121389323
DSEX,12/22/2013,4244.63,4303.21,4244.63,4288.86,179341707
DSEX,12/23/2013,4288.86,4323.28,4265.24,4265.24,121766501
DSEX,12/24/2013,4265.24,4280.61,4228.90,4228.90,94243809
DSEX,12/26/2013,4228.90,4238.82,4189.05,4200.96,94009175
DSEX,12/29/2013,4200.96,4225.07,4183.33,4209.69,66355387
DSEX,12/30/2013,4209.69,4275.55,4209.69,4266.55,94221217
DSEX,01/01/2014,4266.55,4319.74,4266.55,4286.15,100101844
DSEX,01/02/2014,4286.15,4320.71,4286.15,4314.09,83894862
DSEX,01/06/2014,4314.09,4331.13,4293.24,4296.34,71620720
DSEX,01/07/2014,4296.34,4343.37,4296.34,4330.63,100215667
DSEX,01/08/2014,4330.63,4391.27,4330.63,4391.27,117786690
DSEX,01/09/2014,4391.27,4428.46,4391.27,4407.82,110326138
DSEX,01/12/2014,4407.82,4464.48,4407.82,4437.81,128263146
DSEX,01/13/2014,4437.81,4464.28,4437.81,4454.83,144501232
DSEX,01/15/2014,4454.83,4504.24,4454.83,4494.02,149143325
DSEX,01/16/2014,4494.02,4535.08,4486.66,4519.35,146733455
DSEX,01/19/2014,4519.35,4583.69,4519.35,4565.40,155963098
DSEX,01/20/2014,4565.40,4580.25,4550.47,4550.47,139692101
DSEX,01/21/2014,4550.47,4602.46,4534.43,4584.62,153243294
DSEX,01/22/2014,4584.62,4652.57,4584.62,4640.55,177874456
DSEX,01/23/2014,4640.55,4713.89,4640.55,4702.66,201005808
DSEX,01/26/2014,4702.66,4768.70,4702.66,4758.37,213921062
DSEX,01/27/2014,4758.37,4774.14,4714.61,4751.61,174295140
DSEX,01/28/2014,4751.61,4772.83,4700.61,4706.54,147032429
DSEX,01/29/2014,4706.54,4759.70,4706.54,4748.51,141057305
DSEX,01/30/2014,4748.51,4788.16,4748.51,4753.17,187622912
DSEX,02/02/2014,4753.17,4804.42,4753.17,4787.66,180010225
DSEX,02/03/2014,4787.66,4833.38,4787.66,4826.51,199836615
DSEX,02/04/2014,4826.51,4871.47,4809.54,4809.54,212696667
DSEX,02/05/2014,4809.54,4811.49,4809.54,4811.49,132126638
DSEX,02/06/2014,4811.49,4884.00,4811.49,4845.08,145920088
DSEX,02/09/2014,4845.08,4871.00,4822.71,4822.71,133536867
DSEX,02/10/2014,4822.71,4850.62,4797.97,4797.97,111725375
DSEX,02/11/2014,4797.97,4804.24,4761.91,4763.46,89835223
DSEX,02/12/2014,4763.46,4812.37,4763.46,4763.71,101051984
DSEX,02/13/2014,4763.71,4798.71,4753.68,4759.32,95886154
DSEX,02/16/2014,4759.32,4789.79,4709.73,4713.87,71007358
DSEX,02/17/2014,4713.87,4735.09,4684.07,4684.07,62308701
DSEX,02/18/2014,4684.07,4713.50,4661.38,4671.56,71723477
DSEX,02/19/2014,4671.56,4758.72,4671.56,4749.23,93077770
DSEX,02/20/2014,4749.23,4785.26,4749.23,4761.18,85647220
DSEX,02/23/2014,4761.18,4778.10,4727.44,4727.44,79733821
DSEX,02/24/2014,4727.44,4763.30,4727.44,4751.58,97593878
DSEX,02/25/2014,4751.58,4787.15,4751.58,4756.88,91329762
DSEX,02/26/2014,4756.88,4770.06,4732.75,4750.26,71223788
DSEX,02/27/2014,4750.26,4768.81,4745.81,4749.86,101048999
DSEX,03/02/2014,4749.86,4776.38,4697.30,4697.30,88875832
DSEX,03/03/2014,4697.30,4732.25,4685.53,4687.19,81372799
DSEX,03/04/2014,4687.19,4728.11,4687.19,4703.87,83146727
DSEX,03/05/2014,4703.87,4717.23,4684.67,4697.54,65013106
DSEX,03/06/2014,4697.54,4724.82,4690.50,4699.62,68240494
DSEX,03/09/2014,4699.62,4715.65,4687.19,4687.19,84159083
DSEX,03/10/2014,4687.19,4715.74,4663.98,4665.56,76573051
DSEX,03/11/2014,4665.56,4687.48,4662.62,4672.63,56221196
DSEX,03/12/2014,4672.63,4693.83,4660.52,4660.52,73205749
DSEX,03/13/2014,4660.52,4673.17,4635.00,4635.33,64072902
DSEX,03/16/2014,4635.33,4635.33,4591.17,4591.17,57578832
DSEX,03/18/2014,4591.17,4608.85,4554.78,4554.78,58061182
DSEX,03/19/2014,4554.78,4554.78,4502.21,4519.02,60955478
DSEX,03/20/2014,4519.02,4570.67,4518.43,4558.93,53169424
DSEX,03/23/2014,4558.93,4569.93,4519.54,4519.54,47142514
DSEX,03/24/2014,4519.54,4526.87,4466.08,4466.08,55174943
DSEX,03/25/2014,4466.08,4514.84,4462.87,4498.77,53284969
DSEX,03/27/2014,4498.77,4532.27,4498.77,4508.05,59548182
DSEX,03/30/2014,4508.05,4509.67,4478.68,4478.68,57379556
DSEX,03/31/2014,4478.68,4506.24,4475.21,4491.98,59067096
DSEX,04/01/2014,4491.98,4532.69,4491.98,4526.94,60024906
DSEX,04/02/2014,4526.94,4604.73,4526.94,4595.80,77524504
DSEX,04/03/2014,4595.80,4634.06,4595.09,4621.22,77687603
DSEX,04/06/2014,4621.22,4642.55,4588.78,4588.78,70821855
DSEX,04/07/2014,4588.78,4626.94,4588.78,4608.29,70396789
DSEX,04/08/2014,4608.29,4634.83,4582.79,4586.91,93350324
DSEX,04/09/2014,4586.91,4611.22,4560.70,4594.33,82242900
DSEX,04/10/2014,4594.33,4634.38,4592.73,4592.73,70989112
DSEX,04/13/2014,4592.73,4608.05,4573.56,4573.56,34114926
DSEX,04/15/2014,4573.56,4613.73,4573.56,4606.75,79889235
DSEX,04/16/2014,4606.75,4636.74,4589.60,4590.14,84846686
DSEX,04/17/2014,4590.14,4619.97,4590.14,4598.91,77238899
DSEX,04/20/2014,4598.91,4639.10,4598.91,4616.44,80896528
DSEX,04/21/2014,4616.44,4665.81,4616.44,4648.75,109199474
DSEX,04/22/2014,4648.75,4669.15,4647.73,4659.99,91664648
DSEX,04/23/2014,4659.99,4703.15,4659.99,4694.21,105935262
DSEX,04/24/2014,4694.21,4728.90,4694.21,4702.45,124542762
DSEX,04/27/2014,4702.45,4715.88,4665.63,4666.41,100262176
DSEX,04/28/2014,4666.41,4692.07,4617.77,4624.75,101035851
DSEX,04/29/2014,4624.75,4632.12,4567.04,4567.04,84624657
DSEX,04/30/2014,4567.04,4581.07,4534.14,4566.85,84850457
DSEX,05/04/2014,4566.85,4575.14,4504.77,4504.77,75422628
DSEX,05/05/2014,4504.77,4532.06,4487.83,4506.44,73699077
DSEX,05/06/2014,4506.44,4578.35,4506.44,4562.96,92094676
DSEX,05/07/2014,4562.96,4608.70,4562.96,4575.50,92357548
DSEX,05/08/2014,4575.50,4597.59,4555.11,4555.11,79826954
DSEX,05/11/2014,4555.11,4555.11,4498.34,4498.34,86152404
DSEX,05/12/2014,4498.34,4510.29,4490.09,4497.12,96879171
DSEX,05/14/2014,4497.12,4503.28,4457.49,4457.49,94552661
DSEX,05/15/2014,4457.49,4457.49,4396.58,4416.95,78487059
DSEX,05/18/2014,4416.95,4432.83,4402.50,4402.50,58934773
DSEX,05/19/2014,4402.50,4416.95,4364.27,4364.27,54125095
DSEX,05/20/2014,4364.27,4387.09,4352.21,4363.49,50363138
DSEX,05/21/2014,4363.49,4425.86,4363.49,4410.63,61160829
DSEX,05/22/2014,4410.63,4449.07,4384.06,4384.06,66695862
DSEX,05/25/2014,4384.06,4400.34,4372.60,4378.25,45543873
DSEX,05/26/2014,4378.25,4392.66,4377.12,4378.34,58390675
DSEX,05/27/2014,4378.34,4424.59,4378.34,4415.75,56710645
DSEX,05/28/2014,4415.75,4444.05,4415.75,4430.98,66614586
DSEX,05/29/2014,4430.98,4444.54,4425.30,4430.47,69150697
DSEX,06/01/2014,4430.47,4464.98,4430.47,4448.57,74336132
DSEX,06/02/2014,4448.57,4484.64,4447.45,4447.45,70595615
DSEX,06/03/2014,4447.45,4469.68,4418.79,4418.79,79867885
DSEX,06/04/2014,4418.79,4453.17,4401.00,4401.00,77591693
DSEX,06/05/2014,4401.00,4437.34,4396.54,4396.54,84421536
DSEX,06/08/2014,4396.54,4396.54,4299.93,4346.33,98909541
DSEX,06/09/2014,4346.33,4424.38,4346.33,4415.96,105607852
DSEX,06/10/2014,4415.96,4425.69,4375.89,4401.88,91794974
DSEX,06/11/2014,4401.88,4434.57,4401.88,4411.17,84553672
DSEX,06/12/2014,4411.17,4425.89,4403.29,4408.80,76940374
DSEX,06/15/2014,4408.80,4416.44,4361.58,4361.58,65609271
DSEX,06/16/2014,4361.58,4399.30,4358.75,4358.75,66486510
DSEX,06/17/2014,4358.75,4368.77,4323.94,4338.87,56639654
DSEX,06/18/2014,4338.87,4358.76,4336.01,4340.46,54441659
DSEX,06/19/2014,4340.46,4356.01,4318.63,4328.40,57190645
DSEX,06/22/2014,4328.40,4334.81,4307.39,4322.26,51042035
DSEX,06/23/2014,4322.26,4381.33,4322.26,4367.89,67590385
DSEX,06/24/2014,4367.89,4408.63,4367.89,4392.94,75902447
DSEX,06/25/2014,4392.94,4422.91,4392.94,4403.64,84457121
DSEX,06/26/2014,4403.64,4423.03,4381.97,4409.42,79514764
DSEX,06/29/2014,4409.42,4499.58,4409.42,4487.07,103930420
DSEX,06/30/2014,4487.07,4513.00,4478.88,4480.52,70609784
DSEX,07/02/2014,4480.52,4502.37,4466.61,4466.61,70440982
DSEX,07/03/2014,4466.61,4485.04,4433.50,4436.20,75701458
DSEX,07/06/2014,4436.20,4443.89,4411.15,4411.15,63518681
DSEX,07/07/2014,4411.15,4417.71,4376.77,4376.77,53462960
DSEX,07/08/2014,4376.77,4390.39,4365.77,4376.52,52114006
DSEX,07/09/2014,4376.52,4404.45,4371.00,4371.00,42505348
DSEX,07/10/2014,4371.00,4380.47,4355.40,4363.08,45954448
DSEX,07/13/2014,4363.08,4366.00,4343.34,4344.36,42010417
DSEX,07/14/2014,4344.36,4389.81,4344.36,4376.89,46150172
DSEX,07/15/2014,4376.89,4381.86,4350.43,4362.78,50783618
DSEX,07/16/2014,4362.78,4403.72,4362.78,4389.35,61697175
DSEX,07/17/2014,4389.35,4403.68,4388.92,4392.15,65985712
DSEX,07/20/2014,4392.15,4392.15,4348.07,4374.19,67560840
DSEX,07/21/2014,4374.19,4406.31,4374.19,4394.94,74165747
DSEX,07/22/2014,4394.94,4432.41,4394.94,4424.60,85721148
DSEX,07/23/2014,4424.60,4437.71,4388.68,4388.68,77021436
DSEX,07/24/2014,4388.68,4440.30,4388.68,4427.15,71002862
DSEX,08/03/2014,4427.15,4428.51,4407.70,4420.61,100520174
DSEX,08/04/2014,4420.61,4483.12,4420.61,4467.00,115917538
DSEX,08/05/2014,4467.00,4503.71,4467.00,4472.17,121693274
DSEX,08/06/2014,4472.17,4508.33,4472.17,4484.90,141288069
DSEX,08/07/2014,4484.90,4503.33,4476.01,4486.19,127003492
DSEX,08/10/2014,4486.19,4546.33,4486.19,4530.83,160739692
DSEX,08/11/2014,4530.83,4586.15,4530.83,4565.13,164834629
DSEX,08/12/2014,4565.13,4606.82,4526.49,4526.49,151216133
DSEX,08/13/2014,4526.49,4558.48,4522.06,4527.21,108980876
DSEX,08/14/2014,4527.21,4564.03,4527.21,4554.51,151531460
DSEX,08/18/2014,4554.51,4584.54,4550.80,4554.14,158646730
DSEX,08/19/2014,4554.14,4586.82,4554.14,4576.36,160804507
DSEX,08/20/2014,4576.36,4605.14,4553.86,4553.86,131054007
DSEX,08/21/2014,4553.86,4573.73,4546.77,4547.05,133967836
DSEX,08/24/2014,4547.05,4572.18,4540.60,4540.60,162535292
DSEX,08/25/2014,4540.60,4575.00,4525.61,4564.34,160161455
DSEX,08/26/2014,4564.34,4611.98,4564.34,4590.65,188490839
DSEX,08/27/2014,4590.65,4619.66,4586.05,4599.46,145556072
DSEX,08/28/2014,4599.46,4608.52,4577.99,4577.99,152438791
DSEX,08/31/2014,4577.99,4593.99,4549.51,4549.51,118818184
DSEX,09/01/2014,4549.51,4581.91,4549.51,4554.97,121357346
DSEX,09/02/2014,4554.97,4618.20,4554.97,4602.43,148079446
DSEX,09/03/2014,4602.43,4660.12,4602.43,4632.46,143316956
DSEX,09/04/2014,4632.46,4665.84,4632.46,4642.37,160170902
DSEX,09/07/2014,4642.37,4671.49,4641.45,4641.45,147241420
DSEX,09/08/2014,4641.45,4658.10,4608.95,4608.95,118076266
DSEX,09/09/2014,4608.95,4659.39,4608.95,4647.43,111482497
DSEX,09/10/2014,4647.43,4695.37,4647.43,4663.13,137775913
DSEX,09/11/2014,4663.13,4707.91,4663.13,4675.91,151575665
DSEX,09/14/2014,4675.91,4726.61,4675.91,4713.58,154116774
DSEX,09/15/2014,4713.58,4755.99,4709.91,4709.91,125605245
DSEX,09/16/2014,4709.91,4777.45,4709.91,4759.39,170267345
DSEX,09/17/2014,4759.39,4855.68,4759.39,4798.39,195371417
DSEX,09/18/2014,4798.39,4882.37,4798.39,4866.19,255584970
DSEX,09/21/2014,4866.19,4930.07,4866.19,4913.24,225897648
DSEX,09/22/2014,4913.24,4955.78,4897.40,4924.52,228857144
DSEX,09/23/2014,4924.52,5010.25,4924.52,4967.11,275118156
DSEX,09/24/2014,4967.11,5016.19,4967.11,4979.72,210844781
DSEX,09/25/2014,4979.72,5044.34,4979.72,5026.92,255090683
DSEX,09/28/2014,5026.92,5126.53,5026.92,5072.20,228428886
DSEX,09/29/2014,5072.20,5117.34,5012.68,5050.34,172271143
DSEX,09/30/2014,5050.34,5087.65,5045.95,5074.30,158316453
DSEX,10/01/2014,5074.30,5181.33,5074.30,5153.26,193652317
DSEX,10/02/2014,5153.26,5250.81,5153.26,5237.72,241442022
DSEX,10/12/2014,5237.72,5343.84,5237.72,5334.03,274200607
DSEX,10/13/2014,5334.03,5368.01,5290.07,5309.24,254474319
DSEX,10/14/2014,5309.24,5358.90,5283.28,5292.60,253511909
DSEX,10/15/2014,5292.60,5360.54,5292.60,5315.11,222271928
DSEX,10/16/2014,5315.11,5330.07,5270.24,5285.83,174887961
DSEX,10/19/2014,5285.83,5311.03,5176.75,5176.75,150061935
DSEX,10/20/2014,5176.75,5224.80,5122.29,5144.50,135852190
DSEX,10/21/2014,5144.50,5251.48,5144.50,5233.82,150526294
DSEX,10/22/2014,5233.82,5239.46,5170.15,5170.15,162803127
DSEX,10/23/2014,5170.15,5195.83,5147.23,5154.10,114045342
DSEX,10/26/2014,5154.10,5176.86,5111.37,5111.63,114481703
DSEX,10/27/2014,5111.63,5167.98,5097.66,5157.24,100921013
DSEX,10/28/2014,5157.24,5193.45,5123.75,5128.84,108823497
DSEX,10/29/2014,5128.84,5138.96,5109.42,5109.42,124330673
DSEX,10/30/2014,5109.42,5188.97,5109.42,5173.23,179278407
DSEX,11/02/2014,5173.23,5199.34,5105.22,5105.22,164480670
DSEX,11/03/2014,5105.22,5120.17,5065.14,5065.14,153920360
DSEX,11/05/2014,5065.14,5083.42,5017.02,5017.22,165270829
DSEX,11/06/2014,5017.22,5067.30,5017.22,5025.10,138541292
DSEX,11/09/2014,5025.10,5029.58,4938.65,4938.65,192425948
DSEX,11/10/2014,4938.65,4986.71,4914.71,4914.71,159737350
DSEX,11/11/2014,4914.71,4949.97,4914.71,4934.78,155281413
DSEX,11/12/2014,4934.78,5017.19,4934.78,5005.65,180671617
DSEX,11/13/2014,5005.65,5045.94,4984.46,4984.46,152814224
DSEX,11/16/2014,4984.46,5012.71,4963.89,4963.89,152839060
DSEX,11/17/2014,4963.89,4988.24,4917.42,4917.42,133562853
DSEX,11/18/2014,4917.42,4950.79,4898.82,4898.82,122641620
DSEX,11/19/2014,4898.82,4965.71,4898.82,4926.23,127187909
DSEX,11/20/2014,4926.23,4948.02,4889.25,4899.60,104625973
DSEX,11/23/2014,4899.60,4909.02,4838.11,4838.11,77495743
DSEX,11/24/2014,4838.11,4843.91,4768.90,4768.90,77245364
DSEX,11/25/2014,4768.90,4837.35,4768.90,4804.45,79079814
DSEX,11/26/2014,4804.45,4837.58,4756.61,4756.61,74707043
DSEX,11/27/2014,4756.61,4792.28,4754.62,4772.55,65619204
DSEX,11/30/2014,4772.55,4796.21,4757.69,4769.42,56602650
DSEX,12/01/2014,4769.42,4885.64,4769.42,4868.64,85298535
DSEX,12/02/2014,4868.64,4947.40,4868.64,4932.89,85315064
DSEX,12/03/2014,4932.89,5002.18,4932.89,4992.00,122275154
DSEX,12/04/2014,4992.00,4995.78,4961.84,4961.84,125870350
DSEX,12/07/2014,4961.84,4978.58,4930.37,4930.37,104605795
DSEX,12/08/2014,4930.37,4949.28,4923.17,4930.82,108519637
DSEX,12/09/2014,4930.82,4961.60,4930.82,4944.03,116764187
DSEX,12/10/2014,4944.03,4978.73,4933.71,4943.72,113755260
DSEX,12/11/2014,4938.36,4943.73,4906.53,4933.03,33997970
DSEX,12/14/2014,4933.03,4943.08,4887.12,4892.95,56006161
DSEX,12/15/2014,4892.95,4903.98,4873.20,4878.30,65509331
DSEX,12/17/2014,4878.30,4878.65,4830.68,4837.92,71384725
DSEX,12/18/2014,4839.27,4874.91,4837.92,4856.41,59862103
DSEX,12/21/2014,4857.18,4864.98,4839.42,4849.68,65409054
DSEX,12/22/2014,4850.67,4885.30,4849.68,4868.47,64582910
DSEX,12/23/2014,4867.58,4869.49,4835.62,4838.63,53851718
DSEX,12/24/2014,4838.00,4838.63,4809.24,4823.57,48621240
DSEX,12/28/2014,4823.65,4833.12,4784.57,4801.34,40345235
DSEX,12/29/2014,4801.34,4825.36,4795.96,4814.16,50145954
DSEX,12/30/2014,4814.77,4873.90,4814.16,4864.96,65694198
DSEX,01/01/2015,4864.96,4946.89,4864.96,4941.51,56390929
DSEX,01/05/2015,4943.65,4950.33,4901.19,4926.40,44673845
DSEX,01/06/2015,4930.66,4972.33,4926.40,4969.67,72220246
DSEX,01/07/2015,4979.95,4987.88,4956.96,4963.66,70960667
DSEX,01/08/2015,4968.33,4970.94,4943.81,4968.71,72424346
DSEX,01/11/2015,4970.44,4970.90,4939.86,4943.99,82894431
DSEX,01/12/2015,4943.58,4965.72,4931.30,4956.92,100904056
DSEX,01/13/2015,4965.87,4980.91,4956.92,4969.73,99946760
DSEX,01/14/2015,4967.01,4970.93,4945.89,4951.68,102313369
DSEX,01/15/2015,4952.55,4959.32,4935.59,4956.09,86799671
DSEX,01/18/2015,4957.45,4959.72,4913.55,4917.37,63184220
DSEX,01/19/2015,4917.37,4918.20,4859.19,4867.08,76727877
DSEX,01/20/2015,4867.08,4888.83,4845.82,4856.94,69194847
DSEX,01/21/2015,4856.94,4861.05,4752.59,4783.21,86692499
DSEX,01/22/2015,4783.21,4810.84,4771.31,4797.95,63944454
DSEX,01/25/2015,4797.95,4802.92,4711.28,4716.76,61933687
DSEX,01/26/2015,4716.76,4746.49,4694.10,4708.33,60806355
DSEX,01/27/2015,4708.33,4758.93,4684.12,4757.10,60214042
DSEX,01/28/2015,4757.10,4776.05,4729.55,4747.63,62420923
DSEX,01/29/2015,4747.63,4748.65,4705.07,4724.04,58045175
DSEX,02/01/2015,4724.04,4724.04,4630.98,4654.95,52620722
DSEX,02/02/2015,4654.95,4654.95,4574.39,4618.43,61244658
DSEX,02/03/2015,4618.43,4661.24,4590.82,4656.47,56915369
DSEX,02/04/2015,4656.47,4671.28,4620.69,4668.05,50839194
DSEX,02/05/2015,4668.05,4696.71,4638.29,4685.03,60451169
DSEX,02/08/2015,4685.03,4727.94,4664.27,4701.60,57954671
DSEX,02/09/2015,4701.60,4727.92,4697.76,4712.56,62913066
DSEX,02/10/2015,4712.56,4791.81,4712.56,4786.69,72952680
DSEX,02/11/2015,4786.69,4821.47,4769.03,4810.53,92300669
DSEX,02/12/2015,4810.53,4843.21,4806.18,4841.72,94523353
DSEX,02/15/2015,4841.72,4851.58,4820.43,4831.17,76948799
DSEX,02/16/2015,4831.17,4832.37,4762.36,4769.47,83739633
DSEX,02/17/2015,4769.47,4806.37,4747.57,4800.40,78120564
DSEX,02/18/2015,4800.40,4827.26,4796.81,4802.27,75901007
DSEX,02/19/2015,4802.27,4803.12,4780.27,4788.23,65188519
DSEX,02/22/2015,4788.23,4805.18,4776.59,4802.17,54642275
DSEX,02/23/2015,4802.17,4837.84,4802.17,4808.64,68128195
DSEX,02/24/2015,4808.64,4836.16,4795.48,4801.14,65338279
DSEX,02/25/2015,4801.14,4810.23,4737.59,4742.22,76597803
DSEX,02/26/2015,4746.74,4773.68,4742.22,4763.21,62428324
DSEX,03/01/2015,4763.21,4784.00,4733.27,4739.65,72937351
DSEX,03/02/2015,4739.65,4756.07,4714.64,4719.40,71134564
DSEX,03/03/2015,4719.40,4730.27,4686.52,4695.79,53249328
DSEX,03/04/2015,4695.79,4708.22,4675.38,4681.53,53313791
DSEX,03/05/2015,4681.53,4687.50,4653.69,4664.91,67944326
DSEX,03/08/2015,4664.91,4664.91,4614.12,4624.94,57006762
DSEX,03/09/2015,4624.94,4651.58,4623.06,4626.22,70204311
DSEX,03/10/2015,4626.22,4656.93,4625.87,4649.30,56678400
DSEX,03/11/2015,4649.30,4656.89,4582.00,4585.72,62166939
DSEX,03/12/2015,4585.72,4585.72,4536.53,4556.94,60743453
DSEX,03/15/2015,4556.94,4575.29,4536.39,4536.39,52350994
DSEX,03/16/2015,4541.09,4541.09,4474.90,4477.99,61285339
DSEX,03/18/2015,4477.99,4477.99,4392.37,4442.81,62890174
DSEX,03/19/2015,4442.81,4489.81,4442.81,4468.02,40066737
DSEX,03/22/2015,4468.02,4537.54,4468.02,4533.21,60700751
DSEX,03/23/2015,4533.21,4558.63,4497.65,4506.55,68026649
DSEX,03/24/2015,4506.55,4524.92,4490.47,4493.40,58368413
DSEX,03/25/2015,4493.40,4509.30,4483.79,4509.30,68152252
DSEX,03/29/2015,4521.89,4576.58,4509.30,4558.08,71165116
DSEX,03/30/2015,4560.56,4560.56,4504.07,4509.28,64661402
DSEX,03/31/2015,4511.86,4535.39,4493.17,4530.48,87837044
DSEX,04/01/2015,4528.66,4554.24,4509.69,4513.10,75498687
DSEX,04/02/2015,4518.22,4518.22,4462.14,4472.13,53648169
DSEX,04/05/2015,4472.46,4479.55,4425.54,4431.10,60807452
DSEX,04/06/2015,4431.67,4454.76,4392.87,4397.25,65345463
DSEX,04/07/2015,4397.54,4405.49,4329.01,4345.03,69009577
DSEX,04/08/2015,4347.12,4361.93,4294.31,4347.13,74537365
DSEX,04/09/2015,4357.11,4385.19,4338.41,4345.89,69917748
DSEX,04/12/2015,4345.89,4357.62,4294.46,4305.26,63047525
DSEX,04/13/2015,4305.26,4312.02,4276.73,4291.62,83700534
DSEX,04/15/2015,4291.62,4366.58,4291.62,4360.49,103718962
DSEX,04/16/2015,4360.49,4410.49,4360.49,4373.33,115281877
DSEX,04/19/2015,4373.33,4396.82,4354.01,4373.65,135474340
DSEX,04/20/2015,4373.65,4390.70,4301.36,4308.44,103200092
DSEX,04/21/2015,4308.44,4322.72,4280.15,4283.24,98418370
DSEX,04/22/2015,4283.24,4310.06,4250.65,4252.94,112345060
DSEX,04/23/2015,4252.94,4264.15,4180.22,4192.20,81568218
DSEX,04/26/2015,4192.20,4200.74,4087.58,4094.47,71343923
DSEX,04/27/2015,4094.47,4126.65,4084.16,4118.48,75809120
DSEX,04/29/2015,4118.48,4141.74,4070.92,4099.20,78624243
DSEX,04/30/2015,4099.20,4104.37,4019.52,4047.28,76662657
DSEX,05/04/2015,4055.05,4060.42,3955.75,3959.73,80336526
DSEX,05/05/2015,3959.73,4024.25,3959.73,4014.37,72632317
DSEX,05/06/2015,4014.37,4097.68,4014.37,4089.88,90777423
DSEX,05/07/2015,4089.88,4159.56,4089.88,4122.32,97577604
DSEX,05/10/2015,4122.32,4282.29,4122.32,4277.05,132518460
DSEX,05/11/2015,4277.05,4384.02,4277.05,4349.22,173038108
DSEX,05/12/2015,4349.22,4386.50,4314.39,4326.61,176601292
DSEX,05/13/2015,4326.61,4363.84,4326.61,4342.66,187893235
DSEX,05/14/2015,4342.66,4370.22,4305.08,4314.88,173322142
DSEX,05/17/2015,4314.88,4333.17,4303.75,4315.99,153775682
DSEX,05/18/2015,4315.99,4419.98,4315.99,4407.42,202787271
DSEX,05/19/2015,4407.42,4484.78,4407.42,4459.28,210296719
DSEX,05/20/2015,4459.28,4486.88,4428.95,4455.57,223195932
DSEX,05/21/2015,4455.57,4526.70,4455.57,4483.28,217497015
DSEX,05/24/2015,4483.28,4505.15,4472.60,4484.62,85877593
DSEX,05/25/2015,4484.62,4621.64,4484.62,4615.01,215257383
DSEX,05/26/2015,4615.01,4672.49,4615.01,4627.16,207314465
DSEX,05/27/2015,4627.16,4646.13,4607.18,4616.12,204980895
DSEX,05/28/2015,4616.12,4643.00,4541.45,4544.70,191773964
DSEX,05/31/2015,4544.70,4608.74,4544.70,4586.95,168984548
DSEX,06/01/2015,4586.95,4662.81,4586.95,4623.63,236141627
DSEX,06/02/2015,4623.63,4666.08,4580.37,4586.84,189147733
DSEX,06/04/2015,4586.84,4607.69,4569.73,4591.42,125825247
DSEX,06/07/2015,4591.42,4678.15,4591.42,4617.70,168167387
DSEX,06/08/2015,4617.70,4642.15,4531.96,4542.27,150173698
DSEX,06/09/2015,4542.27,4564.22,4508.68,4513.97,143355535
DSEX,06/10/2015,4513.97,4590.13,4513.97,4556.68,155201397
DSEX,06/11/2015,4556.68,4582.50,4509.12,4515.13,131043062
DSEX,06/14/2015,4515.13,4521.22,4440.10,4453.36,102741918
DSEX,06/15/2015,4453.36,4487.18,4436.82,4477.55,93050778
DSEX,06/16/2015,4477.55,4513.37,4477.55,4506.71,126894059
DSEX,06/17/2015,4506.71,4535.83,4506.71,4527.41,112227156
DSEX,06/18/2015,4527.41,4539.07,4497.01,4519.85,112994183
DSEX,06/21/2015,4519.85,4526.72,4494.49,4511.46,87924485
DSEX,06/22/2015,4511.46,4533.68,4500.74,4503.98,104738648
DSEX,06/23/2015,4503.98,4528.04,4484.09,4489.45,113070684
DSEX,06/24/2015,4489.45,4499.76,4452.24,4457.24,99415909
DSEX,06/25/2015,4457.24,4465.93,4426.81,4455.28,87348957
DSEX,06/28/2015,4455.28,4506.84,4455.28,4502.22,85034061
DSEX,06/29/2015,4502.22,4533.58,4502.22,4531.98,97207851
DSEX,06/30/2015,4531.98,4583.15,4531.98,4583.10,149695464
DSEX,07/02/2015,4583.10,4597.82,4551.57,4572.58,148071066
DSEX,07/05/2015,4572.58,4592.98,4530.31,4536.00,123927060
DSEX,07/06/2015,4536.00,4538.74,4513.66,4526.71,113185199
DSEX,07/07/2015,4526.71,4571.82,4526.71,4565.24,123777808
DSEX,07/08/2015,4565.24,4592.54,4565.24,4579.72,130139206
DSEX,07/09/2015,4579.72,4606.08,4579.72,4599.91,124060649
DSEX,07/12/2015,4599.91,4621.98,4592.95,4615.19,123586200
DSEX,07/13/2015,4615.19,4637.04,4607.24,4628.85,117188881
DSEX,07/14/2015,4628.85,4657.80,4621.12,4656.13,117396674
DSEX,07/21/2015,4644.30,4737.03,4644.30,4731.31,107824468
DSEX,07/22/2015,4750.25,4758.85,4723.00,4741.97,141017801
DSEX,07/23/2015,4755.99,4808.90,4741.97,4808.39,174096106
DSEX,07/26/2015,4832.61,4832.61,4781.82,4786.49,177159726
DSEX,07/27/2015,4793.80,4793.80,4767.38,4775.27,149478878
DSEX,07/28/2015,4782.04,4801.51,4771.63,4797.17,188919373
DSEX,07/29/2015,4809.63,4809.75,4770.83,4777.90,182103872
DSEX,07/30/2015,4775.54,4795.69,4762.31,4792.30,162525672
DSEX,08/02/2015,4792.30,4814.21,4790.48,4802.02,194680382
DSEX,08/03/2015,4811.68,4864.89,4802.02,4862.55,207388511
DSEX,08/04/2015,4862.55,4895.76,4862.55,4871.81,265053962
DSEX,08/05/2015,4871.81,4910.88,4842.58,4873.96,236012747
DSEX,08/06/2015,4881.29,4886.38,4856.58,4864.45,173724391
DSEX,08/09/2015,4864.45,4878.00,4841.27,4844.35,151228994
DSEX,08/10/2015,4844.35,4862.24,4812.34,4815.63,153630440
DSEX,08/11/2015,4815.63,4834.04,4788.22,4791.47,132162439
DSEX,08/12/2015,4792.20,4828.06,4791.47,4821.62,133930843
DSEX,08/13/2015,4836.93,4854.33,4806.86,4808.87,161511046
DSEX,08/16/2015,4808.87,4819.37,4780.22,4783.80,131463113
DSEX,08/17/2015,4783.80,4825.86,4763.78,4768.01,158137766
DSEX,08/18/2015,4768.01,4813.04,4756.69,4809.27,145392177
DSEX,08/19/2015,4809.27,4834.52,4803.25,4816.97,142624739
DSEX,08/20/2015,4816.97,4843.31,4801.72,4840.15,144480216
DSEX,08/23/2015,4840.15,4861.90,4827.32,4831.71,127228029
DSEX,08/24/2015,4831.71,4839.37,4790.24,4793.99,103077484
DSEX,08/25/2015,4793.99,4805.80,4765.50,4792.93,116832322
DSEX,08/26/2015,4792.93,4807.59,4792.93,4805.65,109929230
DSEX,08/27/2015,4805.65,4823.44,4797.18,4812.82,103525568
DSEX,08/30/2015,4812.82,4823.10,4788.42,4790.97,85726052
DSEX,08/31/2015,4790.97,4795.25,4757.21,4768.66,81683707
DSEX,09/01/2015,4768.66,4770.96,4715.41,4724.51,104906281
DSEX,09/02/2015,4724.51,4770.65,4724.51,4763.88,90929998
DSEX,09/03/2015,4763.88,4772.70,4748.61,4765.72,131508909
DSEX,09/06/2015,4765.72,4778.95,4762.27,4772.65,126706946
DSEX,09/07/2015,4772.65,4801.38,4772.65,4791.91,140913242
DSEX,09/08/2015,4791.91,4808.21,4767.86,4784.46,133140241
DSEX,09/09/2015,4784.46,4788.90,4755.76,4758.43,125617424
DSEX,09/10/2015,4758.43,4772.61,4750.39,4760.14,119301336
DSEX,09/13/2015,4760.14,4778.15,4760.14,4768.30,118345204
DSEX,09/14/2015,4768.30,4798.30,4768.30,4786.19,115759550
DSEX,09/15/2015,4786.19,4816.53,4786.19,4801.80,113184567
DSEX,09/16/2015,4801.80,4811.05,4789.47,4796.81,125905050
DSEX,09/17/2015,4796.81,4821.95,4796.43,4819.45,120860357
DSEX,09/20/2015,4819.45,4846.03,4818.23,4830.68,100818575
DSEX,09/21/2015,4830.68,4842.37,4830.58,4841.61,105737025
DSEX,09/22/2015,4841.61,4860.82,4841.61,4853.29,87640982
DSEX,09/28/2015,4853.29,4886.25,4853.29,4866.75,85493597
DSEX,09/29/2015,4866.75,4872.08,4840.55,4853.17,108132054
DSEX,09/30/2015,4853.17,4865.59,4841.23,4852.08,136800246
DSEX,10/01/2015,4852.08,4859.83,4841.54,4856.96,120780649
DSEX,10/04/2015,4856.96,4864.21,4811.22,4814.60,95397553
DSEX,10/05/2015,4814.60,4834.45,4782.72,4831.59,100856066
DSEX,10/06/2015,4831.59,4854.76,4829.33,4833.33,113052751
DSEX,10/07/2015,4833.33,4841.92,4796.18,4800.62,140800873
DSEX,10/08/2015,4800.62,4813.68,4777.85,4781.36,116036908
DSEX,10/11/2015,4781.36,4781.81,4701.20,4728.12,115364834
DSEX,10/12/2015,4728.12,4779.61,4728.12,4776.15,134768873
DSEX,10/13/2015,4776.15,4801.74,4767.64,4779.66,131465036
DSEX,10/14/2015,4779.66,4782.50,4712.67,4716.08,93769180
DSEX,10/15/2015,4716.08,4736.24,4669.79,4676.62,115000188
DSEX,10/18/2015,4676.62,4683.13,4599.87,4608.03,85236913
DSEX,10/19/2015,4608.03,4646.81,4599.57,4644.63,89761030
DSEX,10/20/2015,4644.63,4682.72,4635.98,4657.65,90524953
DSEX,10/21/2015,4657.65,4661.54,4628.34,4647.67,104968830
DSEX,10/25/2015,4647.67,4655.93,4623.85,4649.28,95928595
DSEX,10/26/2015,4649.28,4663.91,4627.12,4630.57,101704691
DSEX,10/27/2015,4630.57,4632.33,4586.62,4589.33,89652737
DSEX,10/28/2015,4589.33,4594.18,4559.36,4579.37,80985601
DSEX,10/29/2015,4579.37,4610.33,4560.83,4564.48,146758732
DSEX,11/01/2015,4564.48,4566.39,4490.02,4514.85,79650122
DSEX,11/02/2015,4514.85,4541.33,4500.20,4536.05,75805324
DSEX,11/03/2015,4536.05,4558.58,4535.34,4551.51,84001948
DSEX,11/04/2015,4551.51,4555.17,4508.03,4511.31,77559652
DSEX,11/05/2015,4511.31,4522.62,4498.50,4502.16,85494974
DSEX,11/08/2015,4504.45,4508.76,4438.78,4443.14,82926286
DSEX,11/09/2015,4443.65,4456.04,4404.31,4416.90,79615095
DSEX,11/10/2015,4424.76,4444.74,4401.88,4410.57,79061777
DSEX,11/11/2015,4406.54,4423.78,4367.68,4371.54,76917961
DSEX,11/12/2015,4376.81,4434.35,4371.54,4433.57,87877213
DSEX,11/15/2015,4442.77,4443.92,4417.64,4424.20,63933464
DSEX,11/16/2015,4441.65,4484.86,4424.20,4475.81,101992087
DSEX,11/17/2015,4485.97,4503.21,4475.81,4496.35,103210970
DSEX,11/18/2015,4499.10,4505.18,4467.33,4496.68,94167576
DSEX,11/19/2015,4500.11,4534.48,4496.68,4531.62,112736938
DSEX,11/22/2015,4536.88,4597.71,4529.30,4596.81,123690253
DSEX,11/23/2015,4639.60,4655.26,4577.09,4585.10,155518031
DSEX,11/24/2015,4587.12,4608.17,4568.79,4574.05,136464493
DSEX,11/25/2015,4580.72,4602.67,4565.75,4568.01,110942351
DSEX,11/26/2015,4570.07,4596.03,4562.60,4573.75,102467047
DSEX,11/29/2015,4584.16,4596.09,4571.32,4580.76,122543505
DSEX,11/30/2015,4582.65,4601.95,4570.15,4580.99,120299671
DSEX,12/01/2015,4584.39,4632.95,4580.99,4621.67,119606472
DSEX,12/02/2015,4626.84,4640.37,4618.27,4619.51,144607524
DSEX,12/03/2015,4625.83,4651.06,4619.51,4641.03,143689591
DSEX,12/06/2015,4650.45,4679.92,4641.03,4654.74,134457936
DSEX,12/07/2015,4656.98,4660.03,4603.60,4608.04,112590126
DSEX,12/08/2015,4611.55,4624.80,4577.93,4593.48,94370380
DSEX,12/09/2015,4599.01,4610.07,4583.42,4587.37,96081415
DSEX,12/10/2015,4586.20,4598.25,4572.73,4583.41,92582766
DSEX,12/13/2015,4585.43,4596.10,4537.73,4542.73,70813386
DSEX,12/14/2015,4543.33,4551.72,4521.99,4533.91,83098160
DSEX,12/15/2015,4537.08,4541.66,4503.17,4513.97,84345976
DSEX,12/17/2015,4516.77,4538.07,4513.61,4520.87,69578655
DSEX,12/20/2015,4525.25,4532.96,4508.43,4511.53,78853032
DSEX,12/21/2015,4534.19,4581.75,4511.53,4578.87,96858253
DSEX,12/22/2015,4582.41,4618.04,4578.87,4593.73,114713704
DSEX,12/23/2015,4597.86,4600.20,4572.45,4588.74,96620913
DSEX,12/24/2015,4592.25,4613.19,4588.74,4608.32,96998177
DSEX,12/27/2015,4614.56,4628.41,4598.64,4602.51,81499290
DSEX,12/28/2015,4601.92,4611.84,4588.04,4592.33,92790787
DSEX,12/29/2015,4591.18,4606.10,4587.35,4596.81,90617391
DSEX,12/30/2015,4598.05,4616.31,4595.26,4604.91,89849971
DSEX,12/31/2015,4610.37,4631.64,4603.90,4629.64,97047649
DSEX,01/03/2016,4634.69,4650.81,4619.60,4624.01,96065340
DSEX,01/04/2016,4626.69,4635.76,4608.57,4617.73,106430893
DSEX,01/05/2016,4622.11,4649.94,4617.73,4643.25,156154254
DSEX,01/06/2016,4647.14,4683.65,4643.25,4679.80,176584399
DSEX,01/07/2016,4683.54,4694.32,4666.27,4676.08,160040422
DSEX,01/10/2016,4676.56,4694.55,4673.98,4674.83,167234083
DSEX,01/11/2016,4675.98,4701.57,4659.59,4663.62,162805486
DSEX,01/12/2016,4664.94,4677.70,4651.95,4665.43,167834474
DSEX,01/13/2016,4670.87,4696.69,4665.43,4686.05,236197671
DSEX,01/14/2016,4690.61,4727.60,4686.05,4694.95,249529023
DSEX,01/17/2016,4704.32,4707.84,4671.03,4674.82,168944272
DSEX,01/18/2016,4677.57,4693.80,4674.20,4687.20,222602529
DSEX,01/19/2016,4693.55,4707.72,4687.20,4697.50,240561598
DSEX,01/20/2016,4700.84,4709.60,4666.03,4669.51,227648967
DSEX,01/21/2016,4671.36,4684.59,4649.71,4657.94,146411027
DSEX,01/24/2016,4655.37,4657.94,4601.94,4626.13,150725942
DSEX,01/25/2016,4631.81,4638.32,4618.98,4620.32,160104711
DSEX,01/26/2016,4624.17,4638.91,4603.49,4610.11,145327617
DSEX,01/27/2016,4612.70,4622.92,4580.26,4585.98,118733240
DSEX,01/28/2016,4588.61,4599.73,4562.40,4573.58,126109550
DSEX,01/31/2016,4585.67,4589.47,4534.21,4540.89,123288002
DSEX,02/01/2016,4539.26,4567.41,4532.84,4560.42,115072027
DSEX,02/02/2016,4563.73,4604.93,4560.42,4591.09,134724361
DSEX,02/03/2016,4596.90,4610.18,4567.44,4573.33,110444514
DSEX,02/04/2016,4574.74,4585.41,4559.16,4571.11,107049522
DSEX,02/07/2016,4574.11,4594.09,4569.51,4580.49,98500820
DSEX,02/08/2016,4581.63,4590.52,4559.25,4560.76,86500105
DSEX,02/09/2016,4564.01,4572.95,4534.20,4570.01,92339493
DSEX,02/10/2016,4574.05,4588.55,4566.74,4573.42,94301520
DSEX,02/11/2016,4580.13,4590.18,4573.42,4581.34,118499665
DSEX,02/14/2016,4587.97,4598.86,4576.78,4580.55,92309274
DSEX,02/15/2016,4587.24,4601.68,4580.28,4585.04,101308540
DSEX,02/16/2016,4585.04,4598.65,4574.79,4578.85,112131095
DSEX,02/17/2016,4578.85,4591.57,4574.11,4580.79,119049132
DSEX,02/18/2016,4580.79,4594.18,4578.81,4587.66,107108815
DSEX,02/22/2016,4587.66,4597.43,4571.74,4577.61,111260650
DSEX,02/23/2016,4577.61,4602.52,4577.61,4598.34,146175466
DSEX,02/24/2016,4598.34,4623.29,4573.67,4579.52,148688236
DSEX,02/25/2016,4579.52,4590.47,4563.21,4567.56,132814336
DSEX,02/28/2016,4567.56,4580.65,4533.78,4536.84,124204376
DSEX,02/29/2016,4536.84,4545.10,4508.45,4511.96,130450315
DSEX,03/01/2016,4511.96,4526.50,4480.83,4484.03,119532189
DSEX,03/02/2016,4484.03,4504.63,4454.48,4462.17,152086328
DSEX,03/03/2016,4462.17,4487.00,4459.12,4472.83,92740917
DSEX,03/06/2016,4472.83,4472.83,4430.38,4435.46,82884948
DSEX,03/07/2016,4435.46,4452.84,4435.46,4443.63,85014666
DSEX,03/08/2016,4443.63,4460.91,4442.70,4453.89,89062371
DSEX,03/09/2016,4453.89,4469.84,4452.02,4457.80,93659753
DSEX,03/10/2016,4457.80,4487.16,4457.80,4484.52,111966997
DSEX,03/13/2016,4484.52,4491.73,4470.82,4480.18,100368015
DSEX,03/14/2016,4480.18,4484.18,4465.14,4467.61,103712782
DSEX,03/15/2016,4467.61,4502.58,4467.61,4475.89,123206059
DSEX,03/16/2016,4475.89,4478.39,4443.85,4446.28,111719196
DSEX,03/20/2016,4446.28,4447.34,4402.12,4430.28,117588409
DSEX,03/21/2016,4430.28,4454.57,4430.28,4442.15,143299811
DSEX,03/22/2016,4442.15,4450.40,4406.39,4410.22,97756952
DSEX,03/23/2016,4410.22,4416.98,4370.40,4381.16,127895160
DSEX,03/24/2016,4381.16,4390.94,4366.37,4370.49,99489387
DSEX,03/27/2016,4370.49,4372.94,4350.65,4355.93,94102845
DSEX,03/28/2016,4355.93,4362.75,4300.97,4302.57,93754764
DSEX,03/29/2016,4302.57,4320.05,4285.54,4311.80,85795140
DSEX,03/30/2016,4311.80,4351.31,4311.64,4335.29,104311651
DSEX,03/31/2016,4335.29,4362.00,4335.29,4357.53,126225104
DSEX,04/03/2016,4357.53,4380.68,4357.53,4379.23,117567374
DSEX,04/04/2016,4379.23,4432.29,4379.23,4431.65,142794778
DSEX,04/05/2016,4431.65,4435.63,4405.13,4409.72,99594652
DSEX,04/06/2016,4409.72,4416.91,4401.90,4413.85,126668941
DSEX,04/07/2016,4413.85,4450.27,4413.85,4443.06,123149677
DSEX,04/10/2016,4443.06,4466.27,4425.10,4431.12,118977127
DSEX,04/11/2016,4431.12,4433.16,4398.83,4401.78,112097514
DSEX,04/12/2016,4401.78,4423.76,4399.17,4407.52,100542723
DSEX,04/13/2016,4407.52,4417.66,4400.48,4408.64,91376428
DSEX,04/17/2016,4408.64,4413.12,4381.57,4393.34,83395892
DSEX,04/18/2016,4393.34,4405.84,4385.19,4391.42,118239334
DSEX,04/19/2016,4391.42,4403.60,4353.81,4357.63,82941125
DSEX,04/20/2016,4357.63,4373.97,4345.08,4359.39,106690048
DSEX,04/21/2016,4359.39,4372.52,4338.38,4340.34,100601476
DSEX,04/24/2016,4340.34,4342.96,4320.32,4338.24,84638409
DSEX,04/25/2016,4338.24,4353.35,4319.25,4321.62,71053320
DSEX,04/26/2016,4321.62,4321.62,4278.88,4281.93,80430039
DSEX,04/27/2016,4281.93,4282.57,4234.12,4238.94,104352182
DSEX,04/28/2016,4238.94,4254.32,4184.99,4195.69,114920176
DSEX,05/02/2016,4195.69,4204.76,4146.09,4171.40,100317982
DSEX,05/03/2016,4171.40,4275.86,4171.40,4272.17,124839856
DSEX,05/04/2016,4272.17,4283.00,4243.81,4258.20,104471354
DSEX,05/05/2016,4258.20,4307.71,4258.20,4306.79,119559933
DSEX,05/08/2016,4306.79,4341.20,4306.79,4340.06,95114367
DSEX,05/09/2016,4340.06,4347.86,4316.70,4329.39,101617505
DSEX,05/10/2016,4329.39,4338.73,4323.44,4330.31,113416780
DSEX,05/11/2016,4330.31,4332.22,4309.71,4318.44,78777472
DSEX,05/12/2016,4318.44,4318.45,4294.17,4298.65,73023217
DSEX,05/15/2016,4298.65,4300.98,4269.19,4275.47,66622830
DSEX,05/16/2016,4275.47,4296.62,4272.85,4288.64,98703514
DSEX,05/17/2016,4288.64,4328.35,4288.64,4326.63,81281247
DSEX,05/18/2016,4326.63,4370.37,4326.63,4364.31,101498353
DSEX,05/19/2016,4364.31,4401.67,4364.31,4392.87,124921416
DSEX,05/22/2016,4392.87,4400.68,4371.57,4394.31,106204101
DSEX,05/24/2016,4394.31,4414.47,4392.28,4394.06,115712401
DSEX,05/25/2016,4394.06,4402.14,4362.20,4366.03,108044714
DSEX,05/26/2016,4366.03,4392.82,4358.65,4388.00,109676461
DSEX,05/29/2016,4388.00,4429.24,4388.00,4426.78,149353410
DSEX,05/30/2016,4433.69,4450.86,4418.84,4423.00,148782502
DSEX,05/31/2016,4426.36,4432.30,4411.79,4419.39,114935939
DSEX,06/01/2016,4420.35,4432.84,4412.51,4421.79,124159873
DSEX,06/02/2016,4428.82,4449.60,4421.79,4446.08,151898338
DSEX,06/05/2016,4451.12,4453.06,4417.41,4425.89,93293368
DSEX,06/06/2016,4427.17,4427.23,4392.14,4410.93,82112042
DSEX,06/07/2016,4411.18,4425.67,4393.74,4412.51,98209014
DSEX,06/08/2016,4414.24,4432.61,4412.51,4420.42,84067626
DSEX,06/09/2016,4420.91,4429.37,4410.23,4418.98,86236296
DSEX,06/12/2016,4418.10,4427.40,4406.99,4409.40,80672282
DSEX,06/13/2016,4403.43,4414.23,4401.54,4405.40,87521739
DSEX,06/14/2016,4406.66,4421.23,4404.13,4409.08,106768113
DSEX,06/15/2016,4412.25,4417.70,4400.87,4411.99,98351046
DSEX,06/16/2016,4412.16,4417.72,4393.66,4395.27,95134623
DSEX,06/19/2016,4396.95,4404.36,4386.39,4387.78,91854378
DSEX,06/20/2016,4387.55,4391.32,4366.14,4369.00,80966255
DSEX,06/21/2016,4367.54,4379.43,4360.30,4363.11,110047989
DSEX,06/22/2016,4364.24,4374.87,4360.61,4366.24,114146872
DSEX,06/23/2016,4372.67,4383.13,4366.24,4381.46,106684667
DSEX,06/26/2016,4380.00,4383.96,4356.34,4380.22,86301909
DSEX,06/27/2016,4381.99,4415.44,4380.22,4412.82,93661119
DSEX,06/28/2016,4417.21,4451.36,4412.82,4451.36,116244928
DSEX,06/29/2016,4452.99,4474.62,4445.23,4470.26,141071515
DSEX,06/30/2016,4474.35,4515.25,4470.26,4507.58,106797272
DSEX,07/10/2016,4501.05,4507.58,4441.73,4495.18,75900007
DSEX,07/11/2016,4500.00,4506.76,4493.98,4505.17,103593207
DSEX,07/12/2016,4505.05,4546.31,4492.12,4544.70,128045384
DSEX,07/13/2016,4545.53,4566.07,4532.49,4538.08,109274924
DSEX,07/14/2016,4540.75,4546.11,4530.61,4537.91,120599699
DSEX,07/16/2016,4544.17,4560.30,4537.91,4554.74,95940986
DSEX,07/17/2016,4557.62,4564.21,4542.85,4558.94,114342083
DSEX,07/18/2016,4561.35,4580.70,4558.94,4571.81,151340950
DSEX,07/19/2016,4573.01,4583.72,4552.23,4556.92,109911268
DSEX,07/20/2016,4559.26,4563.29,4535.59,4554.54,90851927
DSEX,07/21/2016,4556.28,4575.27,4551.10,4553.78,101076887
DSEX,07/24/2016,4551.81,4560.34,4539.39,4551.07,77621232
DSEX,07/25/2016,4551.15,4554.53,4529.85,4549.18,87195813
DSEX,07/26/2016,4555.08,4566.43,4547.04,4550.16,101804255
DSEX,07/27/2016,4554.10,4556.95,4533.52,4538.20,87756165
DSEX,07/28/2016,4531.29,4553.13,4526.97,4538.26,90006723
DSEX,07/31/2016,4534.77,4542.49,4518.96,4525.34,129271277
DSEX,08/01/2016,4526.43,4537.75,4518.73,4533.71,96866301
DSEX,08/02/2016,4537.34,4555.36,4533.71,4552.36,104899979
DSEX,08/03/2016,4556.74,4579.87,4552.36,4575.97,109527079
DSEX,08/04/2016,4579.90,4588.69,4568.16,4577.57,107536234
DSEX,08/07/2016,4587.97,4588.02,4563.50,4568.42,92985571
DSEX,08/08/2016,4570.71,4576.82,4564.05,4569.12,107667796
DSEX,08/09/2016,4560.64,4573.33,4558.10,4567.68,102152166
DSEX,08/10/2016,4567.61,4574.89,4564.15,4569.28,124731092
DSEX,08/11/2016,4574.16,4584.63,4569.28,4574.36,117755060
DSEX,08/14/2016,4576.97,4583.23,4571.59,4577.08,86253471
DSEX,08/16/2016,4579.31,4589.61,4574.13,4586.25,119852599
DSEX,08/17/2016,4587.88,4607.85,4586.25,4595.23,135950329
DSEX,08/18/2016,4597.59,4600.36,4571.24,4585.08,128468928
DSEX,08/21/2016,4590.03,4591.97,4574.56,4579.03,109585217
DSEX,08/22/2016,4579.07,4589.82,4572.67,4577.84,117184454
DSEX,08/23/2016,4581.18,4589.69,4559.31,4563.68,129287867
DSEX,08/24/2016,4558.30,4568.13,4542.71,4554.27,106373142
DSEX,08/28/2016,4560.31,4563.76,4530.42,4534.55,108846329
DSEX,08/29/2016,4537.25,4540.31,4521.79,4534.04,108010574
DSEX,08/30/2016,4536.73,4545.33,4520.07,4523.65,127011463
DSEX,08/31/2016,4522.95,4529.08,4510.34,4526.57,101893338
DSEX,09/01/2016,4527.77,4550.36,4526.57,4549.04,115050980
DSEX,09/04/2016,4553.81,4562.62,4549.04,4557.43,118887838
DSEX,09/05/2016,4557.93,4572.41,4557.43,4563.69,113224460
DSEX,09/06/2016,4563.69,4569.15,4554.11,4568.35,105862074
DSEX,09/07/2016,4568.76,4595.35,4568.35,4594.67,130782601
DSEX,09/08/2016,4593.20,4612.78,4593.20,4601.08,129590433
DSEX,09/18/2016,4601.08,4626.25,4600.08,4623.98,86109789
DSEX,09/19/2016,4623.98,4641.51,4623.98,4626.17,146909149
DSEX,09/20/2016,4626.17,4642.48,4626.17,4639.13,132460445
DSEX,09/21/2016,4639.13,4662.46,4639.13,4660.14,150442105
DSEX,09/22/2016,4660.14,4670.33,4654.41,4665.35,158099692
DSEX,09/24/2016,4665.35,4689.90,4665.35,4680.31,177603609
DSEX,09/25/2016,4680.31,4690.08,4655.93,4673.43,217059723
DSEX,09/26/2016,4673.43,4690.06,4670.68,4683.99,199376264
DSEX,09/27/2016,4683.99,4693.73,4674.71,4677.68,171586912
DSEX,09/28/2016,4677.68,4693.29,4662.72,4690.63,143109214
DSEX,09/29/2016,4690.63,4704.01,4690.63,4695.18,195341635
DSEX,10/02/2016,4695.18,4705.34,4684.58,4690.93,188370680
DSEX,10/03/2016,4690.93,4701.98,4688.81,4691.13,182216859
DSEX,10/04/2016,4691.13,4711.55,4691.13,4708.78,185319875
DSEX,10/05/2016,4708.78,4724.69,4706.95,4714.05,173549542
DSEX,10/06/2016,4714.05,4726.71,4712.61,4723.72,165907810
DSEX,10/09/2016,4723.72,4723.72,4690.71,4698.63,182160236
DSEX,10/10/2016,4698.63,4708.77,4686.96,4689.31,155813525
DSEX,10/13/2016,4689.31,4704.08,4687.02,4701.31,120465437
DSEX,10/16/2016,4701.31,4712.26,4696.81,4709.62,178904614
DSEX,10/17/2016,4709.62,4713.96,4684.72,4692.94,161997449
DSEX,10/18/2016,4692.94,4717.50,4692.94,4711.85,207069515
DSEX,10/19/2016,4711.85,4739.46,4699.98,4702.51,226538094
DSEX,10/20/2016,4702.51,4703.65,4686.38,4692.43,176420665
DSEX,10/23/2016,4692.43,4701.12,4688.15,4693.00,193089592
DSEX,10/24/2016,4693.00,4705.00,4685.85,4693.70,161640584
DSEX,10/25/2016,4693.70,4706.59,4677.31,4681.86,172344207
DSEX,10/26/2016,4681.86,4683.13,4642.70,4658.20,169424392
DSEX,10/27/2016,4658.20,4672.85,4632.35,4636.23,176839819
DSEX,10/30/2016,4636.23,4636.23,4588.41,4605.08,128735530
DSEX,10/31/2016,4605.08,4617.39,4586.16,4592.17,132605346
DSEX,11/01/2016,4592.17,4610.18,4589.76,4596.86,116745469
DSEX,11/02/2016,4596.86,4634.58,4596.86,4633.18,136446227
DSEX,11/03/2016,4633.18,4679.16,4633.18,4672.87,156106145
DSEX,11/06/2016,4672.87,4679.47,4659.99,4672.39,134387299
DSEX,11/07/2016,4672.39,4701.83,4672.39,4689.18,163277222
DSEX,11/08/2016,4689.18,4704.10,4687.47,4691.06,156931129
DSEX,11/09/2016,4691.06,4696.48,4667.08,4671.25,134162968
DSEX,11/10/2016,4671.25,4692.57,4671.25,4677.13,138593291
DSEX,11/13/2016,4677.13,4680.94,4662.23,4667.19,141417096
DSEX,11/14/2016,4667.19,4672.82,4638.99,4644.98,152492835
DSEX,11/15/2016,4655.31,4673.71,4644.98,4664.80,192063545
DSEX,11/16/2016,4664.80,4681.29,4664.20,4676.75,184693701
DSEX,11/17/2016,4676.75,4715.49,4676.75,4698.54,207695022
DSEX,11/20/2016,4698.54,4724.15,4698.54,4721.98,175569392
DSEX,11/21/2016,4721.98,4737.34,4713.11,4721.40,177706691
DSEX,11/22/2016,4721.40,4758.56,4721.40,4750.20,232216163
DSEX,11/23/2016,4750.20,4767.55,4750.20,4765.35,379747149
DSEX,11/24/2016,4765.35,4795.89,4765.35,4791.33,295440865
DSEX,11/27/2016,4791.33,4801.38,4776.14,4786.57,238883589
DSEX,11/28/2016,4786.57,4804.44,4786.57,4797.64,272521920
DSEX,11/29/2016,4797.64,4822.16,4791.62,4793.30,296466055
DSEX,11/30/2016,4793.30,4808.10,4779.71,4801.24,201460711
DSEX,12/01/2016,4801.24,4827.91,4801.24,4823.02,248718507
DSEX,12/04/2016,4823.02,4842.67,4819.48,4822.29,227590520
DSEX,12/05/2016,4822.29,4841.41,4822.29,4836.32,269832878
DSEX,12/06/2016,4836.32,4857.62,4836.32,4846.09,249071065
DSEX,12/07/2016,4846.09,4873.18,4846.09,4871.28,276578174
DSEX,12/08/2016,4871.28,4894.96,4871.28,4892.81,334203004
DSEX,12/11/2016,4892.81,4916.94,4856.94,4861.12,293277172
DSEX,12/12/2016,4861.12,4875.40,4837.97,4869.59,213808906
DSEX,12/14/2016,4869.59,4911.02,4869.59,4906.92,308694047
DSEX,12/15/2016,4906.92,4937.76,4906.92,4925.72,319916740
DSEX,12/18/2016,4925.72,4947.49,4918.04,4938.58,306212070
DSEX,12/19/2016,4938.58,4970.75,4938.38,4941.65,350084194
DSEX,12/20/2016,4941.65,4971.70,4927.71,4931.17,314917354
DSEX,12/21/2016,4931.17,4952.14,4920.68,4924.33,232004557
DSEX,12/22/2016,4924.33,4965.39,4924.33,4956.73,308025315
DSEX,12/26/2016,4956.73,4996.42,4956.73,4993.53,408178684
DSEX,12/27/2016,4993.53,5040.93,4993.53,5016.74,498043898
DSEX,12/28/2016,5016.74,5039.76,5002.15,5027.91,384576938
DSEX,12/29/2016,5027.91,5049.85,5021.16,5036.05,433409709
DSEX,01/01/2017,5036.05,5086.29,5036.05,5083.89,388159014
DSEX,01/02/2017,5083.89,5124.33,5083.89,5119.58,472415430
DSEX,01/03/2017,5129.74,5150.93,5102.13,5137.73,411288763
DSEX,01/04/2017,5153.82,5160.54,5133.47,5156.60,389335565
DSEX,01/05/2017,5168.24,5191.35,5146.85,5182.24,391324237
DSEX,01/08/2017,5195.38,5208.10,5146.12,5158.69,322155139
DSEX,01/09/2017,5166.45,5218.32,5147.54,5214.60,333994812
DSEX,01/10/2017,5229.95,5280.60,5214.60,5277.39,513107347
DSEX,01/11/2017,5289.71,5341.54,5277.39,5333.87,579471673
DSEX,01/12/2017,5345.63,5351.92,5315.83,5342.87,470684580
DSEX,01/15/2017,5360.09,5424.22,5342.87,5422.79,556580507
DSEX,01/16/2017,5437.44,5498.81,5417.41,5477.86,672966668
DSEX,01/17/2017,5497.39,5579.84,5477.86,5575.47,701223855
DSEX,01/18/2017,5599.06,5612.06,5519.60,5533.49,630748345
DSEX,01/19/2017,5528.69,5544.72,5474.84,5534.06,422475057
DSEX,01/22/2017,5555.27,5607.42,5531.49,5602.84,501596558
DSEX,01/23/2017,5620.15,5704.89,5602.84,5669.79,703425123
DSEX,01/24/2017,5684.26,5732.72,5646.05,5708.24,682824649
DSEX,01/25/2017,5720.22,5739.04,5608.03,5621.27,489685302
DSEX,01/26/2017,5640.42,5668.51,5587.50,5618.64,359660376
DSEX,01/29/2017,5637.58,5646.49,5492.49,5500.85,314192840
DSEX,01/30/2017,5506.32,5519.77,5406.89,5421.20,325441297
DSEX,01/31/2017,5433.24,5495.25,5403.58,5468.34,266559666
DSEX,02/01/2017,5495.66,5537.06,5464.50,5473.89,272469799
DSEX,02/02/2017,5478.36,5478.36,5358.01,5365.13,228065495
DSEX,02/05/2017,5368.51,5377.75,5266.11,5322.86,215211240
DSEX,02/06/2017,5336.10,5388.08,5322.86,5363.09,167208963
DSEX,02/07/2017,5367.90,5398.52,5338.27,5392.10,178467281
DSEX,02/08/2017,5407.01,5493.42,5392.10,5488.23,270230652
DSEX,02/09/2017,5499.66,5517.13,5472.54,5512.46,260163246
DSEX,02/12/2017,5531.45,5556.96,5512.46,5546.28,263147525
DSEX,02/13/2017,5551.97,5573.78,5534.07,5558.57,285472980
DSEX,02/14/2017,5570.38,5600.33,5558.57,5598.71,325705211
DSEX,02/15/2017,5607.35,5617.38,5577.94,5580.63,290864678
DSEX,02/16/2017,5583.60,5595.05,5573.14,5590.66,293254728
DSEX,02/19/2017,5597.97,5608.80,5579.13,5583.00,336054057
DSEX,02/20/2017,5589.27,5616.02,5573.67,5604.99,347359755
DSEX,02/22/2017,5621.85,5634.09,5604.99,5625.83,321052508
DSEX,02/23/2017,5624.55,5629.09,5598.59,5625.33,340211949
DSEX,02/26/2017,5631.93,5655.04,5625.33,5635.11,374976372
DSEX,02/27/2017,5642.28,5651.71,5618.20,5620.24,273436492
DSEX,02/28/2017,5622.03,5633.72,5609.69,5612.69,312244952
DSEX,03/01/2017,5623.34,5635.19,5593.00,5597.21,267466520
DSEX,03/02/2017,5600.48,5606.39,5578.43,5586.74,216141245
DSEX,03/05/2017,5592.53,5593.28,5565.99,5573.07,208435526
DSEX,03/06/2017,5576.01,5596.53,5573.07,5588.83,253523309
DSEX,03/07/2017,5595.44,5630.90,5588.83,5622.49,311744479
DSEX,03/08/2017,5623.68,5662.63,5622.49,5649.98,369842156
DSEX,03/09/2017,5659.79,5697.36,5649.98,5671.61,346974971
DSEX,03/12/2017,5681.61,5695.59,5665.99,5676.25,388152497
DSEX,03/13/2017,5683.79,5696.53,5657.97,5659.72,338221116
DSEX,03/14/2017,5663.59,5693.81,5659.72,5681.25,329993251
DSEX,03/15/2017,5697.54,5708.84,5679.83,5684.31,340748567
DSEX,03/16/2017,5696.41,5706.11,5683.20,5701.27,301839377
DSEX,03/19/2017,5709.73,5721.99,5691.76,5695.45,359120789
DSEX,03/20/2017,5704.29,5715.82,5687.57,5695.72,294296713
DSEX,03/21/2017,5706.23,5735.51,5695.72,5724.85,439369763
DSEX,03/22/2017,5735.25,5751.02,5724.85,5736.30,433927197
DSEX,03/23/2017,5742.12,5744.65,5711.25,5726.23,356990427
DSEX,03/27/2017,5733.16,5737.36,5694.33,5697.93,249495299
DSEX,03/28/2017,5703.75,5743.72,5697.93,5737.41,296802246
DSEX,03/29/2017,5749.23,5774.08,5726.46,5733.24,336530765
DSEX,03/30/2017,5735.95,5744.61,5716.35,5719.61,226428245
DSEX,04/02/2017,5698.85,5719.61,5684.99,5691.37,200623828
DSEX,04/03/2017,5703.27,5748.06,5691.37,5739.33,231816574
DSEX,04/04/2017,5749.87,5796.86,5739.33,5777.11,243727939
DSEX,04/05/2017,5773.36,5777.11,5733.58,5756.92,301732211
DSEX,04/06/2017,5763.89,5784.43,5730.22,5736.40,257273222
DSEX,04/09/2017,5741.07,5743.31,5697.05,5700.79,232320383
DSEX,04/10/2017,5703.78,5714.32,5662.14,5689.67,210310924
DSEX,04/11/2017,5705.64,5727.17,5675.55,5683.46,240582235
DSEX,04/12/2017,5683.15,5683.46,5639.42,5646.37,228572533
DSEX,04/13/2017,5653.25,5668.01,5639.30,5645.86,182427319
DSEX,04/16/2017,5645.94,5646.11,5587.81,5592.83,235764793
DSEX,04/17/2017,5592.83,5618.88,5576.53,5596.12,210716738
DSEX,04/18/2017,5596.12,5614.78,5566.60,5571.52,206993640
DSEX,04/19/2017,5571.52,5574.64,5539.00,5555.09,221769486
DSEX,04/20/2017,5555.09,5566.13,5520.63,5521.66,182397079
DSEX,04/23/2017,5521.66,5521.66,5435.50,5438.24,163046055
DSEX,04/24/2017,5438.24,5464.49,5388.33,5435.63,155473388
DSEX,04/25/2017,5435.63,5492.62,5435.63,5469.46,155288861
DSEX,04/26/2017,5469.46,5531.68,5448.92,5517.37,197147156
DSEX,04/27/2017,5517.37,5566.11,5517.37,5534.42,219285856
DSEX,04/30/2017,5534.42,5534.42,5472.36,5475.55,193811471
DSEX,05/02/2017,5475.55,5526.06,5469.71,5521.38,241158703
DSEX,05/03/2017,5521.38,5558.81,5521.38,5545.10,221021157
DSEX,05/04/2017,5545.10,5568.10,5533.48,5540.71,248637701
DSEX,05/07/2017,5540.71,5557.37,5526.91,5533.44,245276310
DSEX,05/08/2017,5533.44,5550.21,5526.65,5529.50,210811985
DSEX,05/09/2017,5529.50,5537.66,5506.50,5511.05,239146329
DSEX,05/11/2017,5511.05,5520.00,5494.82,5496.20,192216237
DSEX,05/14/2017,5496.20,5497.57,5457.10,5460.07,157683360
DSEX,05/15/2017,5460.07,5461.43,5424.14,5428.05,167445637
DSEX,05/16/2017,5428.05,5458.01,5421.49,5435.68,159257076
DSEX,05/17/2017,5435.68,5458.50,5426.44,5429.66,180185550
DSEX,05/18/2017,5429.66,5436.92,5395.15,5399.66,171406631
DSEX,05/21/2017,5399.66,5400.95,5355.55,5363.72,145146269
DSEX,05/22/2017,5363.72,5390.78,5363.37,5385.35,160197519
DSEX,05/23/2017,5385.35,5410.78,5385.35,5394.81,163349694
DSEX,05/24/2017,5394.81,5422.16,5394.81,5412.68,164089729
DSEX,05/25/2017,5412.68,5420.93,5399.05,5413.81,162401351
DSEX,05/28/2017,5413.81,5418.71,5367.59,5368.73,127105155
DSEX,05/29/2017,5368.73,5371.91,5348.94,5356.58,115479009
DSEX,05/30/2017,5356.58,5379.36,5354.06,5373.25,103672630
DSEX,05/31/2017,5373.25,5409.44,5367.72,5403.11,134197851
DSEX,06/01/2017,5403.11,5448.72,5400.52,5438.70,151242965
DSEX,06/04/2017,5438.70,5454.68,5419.76,5443.99,129749268
DSEX,06/05/2017,5443.99,5486.25,5443.89,5482.52,156883075
DSEX,06/06/2017,5482.52,5504.24,5482.52,5500.65,186028294
DSEX,06/07/2017,5500.65,5508.49,5480.31,5489.87,161161465
DSEX,06/08/2017,5489.87,5494.60,5464.48,5475.74,140316052
DSEX,06/11/2017,5475.74,5482.99,5450.91,5455.17,126010330
DSEX,06/12/2017,5455.17,5461.65,5445.30,5450.11,106542184
DSEX,06/13/2017,5450.11,5470.88,5444.19,5454.78,126598944
DSEX,06/14/2017,5454.78,5464.46,5454.55,5459.72,155484085
DSEX,06/15/2017,5459.72,5472.10,5459.29,5468.32,167244245
DSEX,06/18/2017,5468.32,5472.61,5457.11,5461.63,144280105
DSEX,06/19/2017,5461.63,5482.53,5458.60,5478.82,155141650
DSEX,06/20/2017,5478.82,5532.05,5478.82,5527.22,195747250
DSEX,06/21/2017,5527.22,5571.04,5526.84,5567.69,210866471
DSEX,06/22/2017,5567.69,5599.80,5567.69,5599.07,216509009
DSEX,06/28/2017,5599.07,5651.36,5599.07,5646.28,171445811
DSEX,06/29/2017,5646.28,5661.86,5636.97,5656.04,244042894
DSEX,07/02/2017,5656.04,5668.12,5636.82,5654.62,253218837
DSEX,07/03/2017,5654.62,5728.61,5654.62,5726.37,320444854
DSEX,07/04/2017,5726.37,5767.48,5722.68,5760.50,401811300
DSEX,07/05/2017,5760.50,5785.29,5754.49,5782.65,366364423
DSEX,07/06/2017,5782.65,5788.51,5747.14,5749.65,317544899
DSEX,07/09/2017,5749.65,5781.08,5749.65,5774.29,397986477
DSEX,07/10/2017,5774.29,5828.34,5774.29,5827.18,445917264
DSEX,07/11/2017,5827.18,5881.53,5822.32,5830.77,480275501
DSEX,07/12/2017,5830.77,5839.93,5789.15,5790.78,345473299
DSEX,07/13/2017,5790.78,5838.90,5777.20,5834.86,316116770
DSEX,07/16/2017,5834.86,5877.43,5834.86,5844.72,388944843
DSEX,07/17/2017,5844.72,5857.63,5815.38,5824.42,319873655
DSEX,07/18/2017,5824.42,5851.44,5816.36,5819.26,258678488
DSEX,07/19/2017,5819.26,5838.36,5773.72,5775.59,293757484
DSEX,07/20/2017,5775.59,5806.06,5761.24,5782.47,194174741
DSEX,07/23/2017,5782.47,5798.02,5773.55,5775.59,144616593
DSEX,07/24/2017,5775.59,5802.98,5773.57,5798.11,180625068
DSEX,07/25/2017,5798.11,5821.62,5797.16,5801.89,211444178
DSEX,07/26/2017,5801.89,5829.22,5795.58,5824.42,191873677
DSEX,07/27/2017,5824.42,5857.24,5812.73,5815.07,232247368
DSEX,07/30/2017,5815.07,5815.07,5783.38,5802.04,176414108
DSEX,07/31/2017,5802.04,5865.64,5795.69,5860.64,354575105
DSEX,08/01/2017,5860.64,5879.95,5855.48,5876.26,429735915
DSEX,08/02/2017,5876.95,5895.56,5867.83,5891.16,430546456
DSEX,08/03/2017,5888.17,5905.01,5874.15,5880.44,422461287
DSEX,08/06/2017,5890.92,5911.50,5880.44,5907.62,350944074
DSEX,08/07/2017,5912.64,5947.22,5907.62,5913.59,438072108
DSEX,08/08/2017,5920.51,5921.57,5895.07,5897.67,341966600
DSEX,08/09/2017,5899.19,5911.66,5888.11,5890.12,298395182
DSEX,08/10/2017,5893.94,5924.65,5890.12,5901.80,317696390
DSEX,08/13/2017,5889.77,5942.11,5889.77,5921.59,258138642
DSEX,08/16/2017,5947.87,5952.97,5879.45,5883.24,258476659
DSEX,08/17/2017,5888.95,5903.84,5859.16,5861.11,234771130
DSEX,08/20/2017,5868.70,5886.88,5819.27,5819.27,213089764
DSEX,08/21/2017,5818.34,5849.87,5818.34,5844.10,232578477
DSEX,08/22/2017,5846.85,5872.34,5844.10,5862.33,263172286
DSEX,08/23/2017,5868.05,5880.86,5848.97,5855.87,239397729
DSEX,08/24/2017,5855.28,5890.38,5855.28,5885.42,206079194
DSEX,08/27/2017,5890.68,5926.35,5885.42,5915.42,258673032
DSEX,08/28/2017,5920.24,5952.27,5915.42,5947.24,298006480
DSEX,08/29/2017,5952.31,5982.01,5939.78,5948.50,286189348
DSEX,08/30/2017,5954.05,5975.47,5945.92,5973.94,250633881
DSEX,08/31/2017,5982.43,6012.34,5973.94,6006.43,277147262
DSEX,09/04/2017,6004.55,6044.01,6004.55,6038.37,209484201
DSEX,09/05/2017,6044.15,6088.87,6038.37,6083.00,345300311
DSEX,09/06/2017,6087.20,6127.88,6063.84,6069.17,466392506
DSEX,09/07/2017,6073.01,6114.98,6052.50,6114.98,358270039
DSEX,09/10/2017,6131.18,6177.47,6114.98,6167.49,394326441
DSEX,09/11/2017,6183.50,6198.67,6147.29,6151.20,326818133
DSEX,09/12/2017,6155.58,6172.47,6121.55,6149.39,366517650
DSEX,09/13/2017,6155.03,6199.84,6149.39,6184.57,446824711
DSEX,09/14/2017,6187.67,6233.54,6184.57,6203.90,351769538
DSEX,09/17/2017,6209.53,6248.47,6188.80,6240.57,395604216
DSEX,09/18/2017,6254.51,6284.29,6234.01,6235.94,529325647
DSEX,09/19/2017,6241.20,6285.06,6228.51,6236.58,532693632
DSEX,09/20/2017,6242.71,6258.04,6167.18,6172.91,370085471
DSEX,09/21/2017,6172.29,6209.66,6159.59,6170.47,292436017
DSEX,09/24/2017,6174.08,6200.68,6162.05,6165.32,232416110
DSEX,09/25/2017,6166.47,6166.47,6100.02,6106.24,213177118
DSEX,09/26/2017,6108.27,6130.41,6082.83,6104.27,227142240
DSEX,09/27/2017,6109.52,6138.44,6076.17,6079.32,246305598
DSEX,09/28/2017,6078.14,6098.20,6059.33,6092.84,204913643
DSEX,10/02/2017,6094.56,6138.41,6085.56,6092.95,314196149
DSEX,10/03/2017,6108.91,6138.98,6092.95,6133.22,287779682
DSEX,10/04/2017,6137.62,6176.36,6128.70,6159.95,289604218
DSEX,10/05/2017,6162.66,6212.84,6159.95,6202.31,348525897
DSEX,10/08/2017,6217.10,6236.55,6199.24,6205.50,343544902
DSEX,10/09/2017,6189.83,6205.50,6112.19,6128.89,318870468
DSEX,10/10/2017,6128.66,6151.55,6086.40,6141.81,240133711
DSEX,10/11/2017,6166.30,6214.66,6090.32,6108.57,318851953
DSEX,10/12/2017,6095.50,6115.18,6059.49,6064.40,209126769
DSEX,10/15/2017,6071.76,6095.44,5987.40,6008.94,173493920
DSEX,10/16/2017,6016.30,6038.58,5980.12,6013.84,140861944
DSEX,10/17/2017,6020.72,6040.15,6003.71,6031.74,165135714
DSEX,10/18/2017,6037.90,6054.03,6020.85,6025.27,137133743
DSEX,10/19/2017,6027.81,6060.26,6025.27,6039.55,150591380
DSEX,10/22/2017,6052.97,6062.56,6039.55,6041.20,130427118
DSEX,10/23/2017,6045.81,6045.81,5981.04,5981.95,133468761
DSEX,10/24/2017,5983.34,6003.92,5959.75,5968.02,122669199
DSEX,10/25/2017,5979.21,6013.38,5968.02,6001.52,165114133
DSEX,10/26/2017,6002.76,6029.47,5987.46,6018.25,147609745
DSEX,10/29/2017,6031.94,6040.68,5989.33,5995.41,176591383
DSEX,10/30/2017,6004.31,6014.89,5977.83,5996.24,146705560
DSEX,10/31/2017,5998.00,6027.13,5985.56,6019.59,157846680
DSEX,11/01/2017,6027.59,6074.79,6019.59,6072.33,194858546
DSEX,11/02/2017,6077.80,6117.17,6072.33,6099.02,207928322
DSEX,11/05/2017,6100.89,6105.32,6068.80,6072.99,149706517
DSEX,11/06/2017,6072.99,6110.31,6071.95,6104.50,163732576
DSEX,11/07/2017,6104.50,6137.39,6104.50,6129.69,204845007
DSEX,11/08/2017,6134.70,6163.20,6128.09,6159.07,215710068
DSEX,11/09/2017,6172.87,6199.27,6159.07,6193.56,231713721
DSEX,11/12/2017,6193.56,6229.12,6193.56,6223.78,280580556
DSEX,11/13/2017,6223.78,6251.46,6200.48,6216.61,248018144
DSEX,11/14/2017,6216.61,6276.44,6216.61,6252.14,296770868
DSEX,11/15/2017,6252.14,6289.37,6235.71,6235.71,201328578
DSEX,11/16/2017,6235.71,6285.91,6230.12,6282.09,192466827
DSEX,11/19/2017,6282.09,6318.62,6280.50,6306.95,247649328
DSEX,11/20/2017,6306.95,6342.96,6306.95,6319.12,334498492
DSEX,11/21/2017,6319.12,6343.14,6278.64,6281.87,308706146
DSEX,11/22/2017,6281.87,6312.05,6266.90,6289.33,251700087
DSEX,11/23/2017,6289.33,6353.38,6289.33,6322.51,245758118
DSEX,11/26/2017,6322.51,6360.27,6322.51,6336.88,230529214
DSEX,11/27/2017,6336.88,6354.44,6299.32,6302.45,269106630
DSEX,11/28/2017,6302.45,6329.70,6269.60,6272.57,241241265
DSEX,11/29/2017,6272.57,6296.99,6258.40,6278.55,193302473
DSEX,11/30/2017,6278.55,6314.66,6278.55,6306.86,160262612
DSEX,12/03/2017,6306.86,6331.88,6294.08,6296.20,147161572
DSEX,12/04/2017,6296.20,6304.90,6262.37,6262.76,184948529
DSEX,12/05/2017,6262.76,6292.48,6262.76,6286.75,166458435
DSEX,12/06/2017,6286.75,6312.05,6265.50,6266.29,149419867
DSEX,12/07/2017,6266.29,6278.45,6246.99,6248.22,142143139
DSEX,12/10/2017,6248.22,6256.13,6197.91,6204.43,122103949
DSEX,12/11/2017,6204.43,6232.73,6193.23,6196.65,125662501
DSEX,12/12/2017,6196.65,6253.54,6195.44,6251.60,123563765
DSEX,12/13/2017,6251.60,6267.77,6221.21,6224.07,116692470
DSEX,12/14/2017,6224.07,6248.78,6217.39,6230.01,111299597
DSEX,12/17/2017,6230.01,6243.44,6212.43,6213.08,98360407
DSEX,12/18/2017,6213.08,6238.94,6212.68,6224.60,122955451
DSEX,12/19/2017,6224.60,6254.68,6224.56,6228.65,135285930
DSEX,12/20/2017,6228.65,6235.32,6194.67,6196.48,145258957
DSEX,12/21/2017,6196.48,6200.17,6175.09,6182.78,105440626
DSEX,12/24/2017,6182.78,6197.17,6154.01,6159.30,87247799
DSEX,12/26/2017,6159.30,6203.73,6159.30,6167.56,98736653
DSEX,12/27/2017,6167.56,6192.90,6162.69,6186.46,127895816
DSEX,12/28/2017,6186.46,6248.66,6186.46,6244.52,149867918
DSEX,01/01/2018,6244.52,6266.05,6235.64,6254.41,115695397
DSEX,01/02/2018,6254.41,6288.44,6254.41,6279.96,170307759
DSEX,01/03/2018,6279.96,6320.20,6279.96,6318.27,150460676
DSEX,01/04/2018,6318.27,6332.77,6295.07,6302.84,136674853
DSEX,01/07/2018,6302.84,6311.41,6262.54,6268.42,124759557
DSEX,01/08/2018,6268.42,6273.79,6209.03,6210.50,128833562
DSEX,01/09/2018,6210.50,6223.31,6187.05,6198.53,123964349
DSEX,01/10/2018,6198.53,6213.79,6168.05,6172.44,114809576
DSEX,01/11/2018,6172.44,6186.10,6150.23,6179.32,92816126
DSEX,01/14/2018,6179.32,6185.81,6109.13,6117.89,97733466
DSEX,01/15/2018,6117.89,6133.69,6054.51,6057.85,98855792
DSEX,01/16/2018,6057.85,6134.79,6029.35,6128.80,113365921
DSEX,01/17/2018,6128.80,6160.64,6098.05,6098.32,95193983
DSEX,01/18/2018,6098.33,6138.47,6088.18,6122.23,89236671
DSEX,01/21/2018,6122.23,6156.55,6122.23,6147.19,92436945
DSEX,01/22/2018,6147.19,6202.96,6147.19,6195.00,100036712
DSEX,01/23/2018,6195.00,6211.00,6185.70,6206.72,109677936
DSEX,01/24/2018,6206.72,6214.94,6185.46,6200.68,89389393
DSEX,01/25/2018,6200.68,6219.59,6188.56,6215.80,107365999
DSEX,01/28/2018,6215.80,6218.39,6133.60,6144.72,88270890
DSEX,01/29/2018,6144.72,6184.38,6122.06,6176.44,104245757
DSEX,01/30/2018,6176.44,6206.68,6123.04,6127.80,96709899
DSEX,01/31/2018,6127.80,6133.43,6011.35,6039.78,123928608
DSEX,02/01/2018,6039.78,6072.44,6019.73,6021.44,84870953
DSEX,02/04/2018,6021.44,6023.71,5881.69,5888.29,110903580
DSEX,02/05/2018,5888.29,5909.77,5771.47,5869.78,116325353
DSEX,02/06/2018,5869.78,5972.19,5869.78,5949.24,82771511
DSEX,02/07/2018,5949.24,5959.20,5900.98,5936.34,90707623
DSEX,02/08/2018,5936.34,5975.29,5936.34,5965.62,74432478
DSEX,02/11/2018,5965.62,6101.92,5965.62,6093.95,130239779
DSEX,02/12/2018,6093.95,6141.82,6064.02,6082.29,122280783
DSEX,02/13/2018,6082.29,6107.16,6058.58,6088.37,138897024
DSEX,02/14/2018,6088.37,6134.14,6088.37,6102.30,184389655
DSEX,02/15/2018,6102.30,6117.26,6048.31,6050.19,147312933
DSEX,02/18/2018,6052.00,6056.98,5945.47,5950.75,132884009
DSEX,02/19/2018,5953.56,5998.60,5940.24,5940.24,104649129
DSEX,02/20/2018,5941.95,5983.91,5908.25,5909.03,99914899
DSEX,02/22/2018,5925.73,5974.31,5894.07,5906.98,70102393
DSEX,02/25/2018,5913.04,5927.08,5828.05,5832.12,84206009
DSEX,02/26/2018,5834.08,5836.28,5763.59,5774.57,78962438
DSEX,02/27/2018,5787.81,5833.40,5774.57,5798.42,80285152
DSEX,02/28/2018,5800.34,5840.66,5775.86,5804.94,93922402
DSEX,03/01/2018,5811.76,5878.10,5804.94,5870.83,92692969
DSEX,03/04/2018,5879.68,5923.91,5870.83,5883.38,96807185
DSEX,03/05/2018,5884.96,5885.48,5825.90,5835.33,87374017
DSEX,03/06/2018,5838.98,5850.77,5821.88,5847.81,99964106
DSEX,03/07/2018,5849.34,5864.53,5819.60,5822.18,110920024
DSEX,03/08/2018,5824.49,5834.95,5795.74,5827.98,74559751
DSEX,03/11/2018,5828.70,5829.09,5769.38,5773.36,64549507
DSEX,03/12/2018,5775.37,5779.61,5694.29,5705.57,81666181
DSEX,03/13/2018,5710.11,5721.47,5606.65,5623.64,86839301
DSEX,03/14/2018,5620.37,5675.20,5609.39,5635.05,67576593
DSEX,03/15/2018,5635.84,5743.35,5625.67,5720.59,105722894
DSEX,03/18/2018,5731.58,5749.96,5703.38,5721.69,86762986
DSEX,03/19/2018,5723.75,5723.84,5661.12,5663.76,154167373
DSEX,03/20/2018,5664.01,5672.71,5628.38,5648.90,92480974
DSEX,03/21/2018,5647.87,5648.90,5570.62,5572.05,109468351
DSEX,03/22/2018,5572.80,5597.67,5504.95,5580.58,121459035
DSEX,03/25/2018,5601.72,5630.51,5561.66,5570.18,71266156
DSEX,03/27/2018,5572.36,5572.36,5487.25,5491.79,86437881
DSEX,03/28/2018,5493.46,5533.69,5477.48,5488.86,84628021
DSEX,03/29/2018,5489.99,5609.18,5488.86,5597.44,127070398
DSEX,04/01/2018,5619.92,5751.13,5597.44,5747.14,152271782
DSEX,04/02/2018,5765.97,5834.93,5732.84,5827.51,198868776
DSEX,04/03/2018,5834.54,5855.65,5782.16,5790.28,169581348
DSEX,04/04/2018,5794.71,5835.99,5787.72,5793.05,150090384
DSEX,04/05/2018,5796.37,5847.10,5776.44,5841.19,147643969
DSEX,04/08/2018,5847.49,5888.16,5841.19,5865.38,190865446
DSEX,04/09/2018,5870.27,5889.00,5855.84,5879.41,209445812
DSEX,04/10/2018,5885.33,5908.50,5856.23,5859.60,236548257
DSEX,04/11/2018,5863.03,5881.30,5828.02,5833.26,154100958
DSEX,04/12/2018,5838.05,5856.76,5807.61,5813.13,152100580
DSEX,04/15/2018,5815.84,5844.28,5769.94,5773.60,105910774
DSEX,04/16/2018,5772.84,5789.19,5726.94,5784.67,134192772
DSEX,04/17/2018,5792.23,5821.37,5769.36,5777.95,139188274
DSEX,04/18/2018,5778.91,5824.20,5765.81,5822.99,158504733
DSEX,04/19/2018,5831.94,5856.97,5822.99,5843.46,156211254
DSEX,04/22/2018,5840.20,5867.41,5807.54,5813.28,136130050
DSEX,04/23/2018,5817.25,5825.25,5801.81,5806.13,122181780
DSEX,04/24/2018,5809.92,5817.42,5766.78,5777.35,125562445
DSEX,04/25/2018,5759.57,5806.73,5759.57,5802.02,124302919
DSEX,04/26/2018,5801.82,5832.25,5801.82,5813.79,139109111
DSEX,04/30/2018,5819.70,5822.38,5737.51,5739.22,154949358
DSEX,05/03/2018,5743.09,5752.15,5695.19,5698.68,129475221
DSEX,05/06/2018,5710.48,5728.90,5686.45,5694.27,155592833
DSEX,05/07/2018,5698.92,5716.00,5678.98,5683.53,145383809
DSEX,05/08/2018,5683.08,5697.68,5641.32,5642.46,133549802
DSEX,05/09/2018,5645.50,5666.76,5622.09,5627.33,139826720
DSEX,05/10/2018,5624.98,5634.30,5585.59,5587.21,148762907
DSEX,05/13/2018,5593.87,5613.85,5554.50,5558.66,108172894
DSEX,05/14/2018,5556.31,5592.87,5545.07,5557.57,93204781
DSEX,05/15/2018,5559.69,5579.24,5547.47,5548.89,97288081
DSEX,05/16/2018,5547.72,5558.95,5504.80,5511.76,96766991
DSEX,05/17/2018,5511.76,5525.19,5438.32,5443.30,119222624
DSEX,05/20/2018,5453.77,5457.45,5388.85,5390.70,94700096
DSEX,05/21/2018,5390.70,5447.63,5369.31,5413.28,134803025
DSEX,05/22/2018,5413.28,5429.26,5387.27,5391.89,109785697
DSEX,05/23/2018,5391.89,5401.24,5350.73,5361.09,107067729
DSEX,05/24/2018,5361.09,5435.15,5353.38,5429.69,116496769
DSEX,05/27/2018,5429.69,5490.90,5429.69,5456.82,119680997
DSEX,05/28/2018,5456.82,5486.59,5412.61,5417.42,113648538
DSEX,05/29/2018,5417.42,5435.38,5402.49,5409.69,130855526
DSEX,05/30/2018,5409.69,5438.56,5392.52,5395.75,116965883
DSEX,05/31/2018,5395.75,5403.37,5341.45,5343.87,85928661
DSEX,06/03/2018,5343.87,5357.30,5312.99,5316.96,94743388
DSEX,06/04/2018,5316.96,5354.63,5307.46,5313.70,83777688
DSEX,06/05/2018,5321.81,5353.82,5313.70,5346.80,77988212
DSEX,06/06/2018,5346.80,5403.30,5346.80,5398.75,95929005
DSEX,06/07/2018,5398.75,5439.90,5362.11,5366.66,94371072
DSEX,06/10/2018,5366.66,5378.41,5317.43,5323.29,81794309
DSEX,06/11/2018,5323.29,5355.61,5321.86,5326.44,78866108
DSEX,06/12/2018,5326.44,5374.08,5326.44,5365.22,74310004
DSEX,06/18/2018,5365.22,5373.25,5337.92,5341.29,72625736
DSEX,06/19/2018,5341.29,5371.70,5339.51,5344.96,111125077
DSEX,06/20/2018,5344.96,5399.93,5344.96,5384.87,131793464
DSEX,06/21/2018,5384.87,5456.27,5384.87,5441.75,171236210
DSEX,06/24/2018,5441.75,5537.51,5441.75,5521.99,168421511
DSEX,06/25/2018,5521.99,5546.30,5429.92,5433.78,163493710
DSEX,06/26/2018,5433.78,5452.38,5403.53,5411.27,133623712
DSEX,06/27/2018,5411.27,5460.97,5411.27,5429.04,173131860
DSEX,06/28/2018,5429.04,5448.42,5390.73,5405.46,150981464
DSEX,07/02/2018,5405.46,5416.67,5316.58,5322.41,164193021
DSEX,07/03/2018,5322.41,5364.75,5267.88,5273.16,128465591
DSEX,07/04/2018,5273.16,5334.91,5273.16,5309.11,170706827
DSEX,07/05/2018,5309.11,5371.87,5309.11,5362.27,207961684
DSEX,07/08/2018,5362.27,5406.79,5356.08,5366.02,219733436
DSEX,07/09/2018,5366.02,5386.99,5336.24,5341.27,232400707
DSEX,07/10/2018,5341.27,5394.57,5341.27,5371.30,292198813
DSEX,07/11/2018,5371.30,5473.40,5368.72,5379.24,307854585
DSEX,07/12/2018,5379.24,5401.94,5348.93,5358.90,186500989
DSEX,07/15/2018,5358.90,5381.39,5333.13,5336.74,212488996
DSEX,07/16/2018,5336.74,5373.90,5333.17,5339.91,183085336
DSEX,07/17/2018,5339.91,5364.99,5320.30,5325.48,157862384
DSEX,07/18/2018,5325.48,5348.36,5315.23,5334.18,171291506
DSEX,07/19/2018,5334.18,5362.08,5328.68,5337.42,188938659
DSEX,07/22/2018,5337.42,5366.69,5337.42,5339.18,223908585
DSEX,07/23/2018,5339.18,5372.90,5339.18,5348.06,194180986
DSEX,07/24/2018,5348.06,5375.39,5329.23,5335.38,162791727
DSEX,07/25/2018,5335.38,5365.54,5313.81,5319.44,229562818
DSEX,07/26/2018,5319.44,5357.15,5299.08,5305.17,216147355
DSEX,07/29/2018,5305.17,5323.24,5280.07,5280.07,139995506
DSEX,07/30/2018,5280.07,5310.11,5257.94,5262.91,135777222
DSEX,07/31/2018,5262.91,5321.52,5262.91,5302.63,171892324
DSEX,08/01/2018,5302.63,5370.44,5302.63,5348.20,210819351
DSEX,08/02/2018,5348.20,5408.03,5348.20,5399.79,222985406
DSEX,08/05/2018,5399.79,5410.26,5353.30,5357.02,206508776
DSEX,08/06/2018,5357.02,5365.19,5330.92,5353.41,175132132
DSEX,08/07/2018,5353.41,5399.23,5353.41,5381.88,196547284
DSEX,08/08/2018,5381.88,5430.11,5374.80,5405.95,191380376
DSEX,08/09/2018,5405.95,5435.53,5395.02,5407.00,196484596
DSEX,08/12/2018,5407.00,5424.07,5388.74,5407.18,250888830
DSEX,08/13/2018,5407.18,5450.02,5377.22,5378.72,181081010
DSEX,08/14/2018,5378.72,5417.05,5377.81,5408.45,172225372
DSEX,08/16/2018,5408.45,5479.43,5408.45,5467.74,176072863
DSEX,08/19/2018,5467.74,5549.72,5467.74,5538.50,208444394
DSEX,08/20/2018,5538.50,5582.29,5514.77,5571.19,154978948
DSEX,08/26/2018,5574.20,5602.50,5551.03,5596.91,126632853
DSEX,08/27/2018,5601.96,5615.16,5572.56,5584.97,160981282
DSEX,08/28/2018,5587.90,5624.32,5584.97,5619.41,171318114
DSEX,08/29/2018,5624.79,5641.76,5596.90,5603.25,184776670
DSEX,08/30/2018,5604.67,5631.42,5600.64,5600.64,208383312
DSEX,09/03/2018,5608.97,5624.56,5585.02,5590.42,184111428
DSEX,09/04/2018,5595.87,5609.15,5548.11,5552.80,170379554
DSEX,09/05/2018,5554.34,5588.27,5552.80,5562.23,182791319
DSEX,09/06/2018,5569.93,5609.00,5562.23,5574.24,200105517
DSEX,09/09/2018,5584.29,5587.45,5548.04,5549.78,209440813
DSEX,09/10/2018,5557.16,5573.52,5536.69,5540.11,224247464
DSEX,09/11/2018,5554.02,5568.64,5540.11,5543.93,164672489
DSEX,09/12/2018,5557.18,5570.80,5526.71,5529.81,188525127
DSEX,09/13/2018,5545.69,5551.57,5496.41,5500.61,221399128
DSEX,09/16/2018,5513.84,5517.91,5461.95,5464.17,173640560
DSEX,09/17/2018,5470.56,5478.15,5436.11,5443.80,164087287
DSEX,09/18/2018,5458.30,5487.37,5443.80,5472.60,179570712
DSEX,09/19/2018,5486.34,5539.08,5472.60,5505.05,197812758
DSEX,09/20/2018,5515.04,5531.33,5463.97,5467.05,174708746
DSEX,09/23/2018,5472.69,5475.38,5410.47,5415.24,159033447
DSEX,09/24/2018,5416.70,5425.72,5348.62,5357.54,124098565
DSEX,09/25/2018,5365.99,5391.71,5346.91,5386.88,111250086
DSEX,09/26/2018,5395.33,5415.54,5385.58,5390.85,127649112
DSEX,09/27/2018,5394.60,5401.84,5330.94,5342.88,117460646
DSEX,09/30/2018,5344.55,5380.08,5321.70,5368.95,110809289
DSEX,10/01/2018,5376.11,5412.51,5367.44,5369.91,117294885
DSEX,10/02/2018,5379.71,5394.76,5369.91,5380.93,124285824
DSEX,10/03/2018,5383.62,5433.34,5380.93,5422.65,145727125
DSEX,10/04/2018,5429.56,5446.34,5409.23,5418.27,146356290
DSEX,10/07/2018,5429.45,5437.90,5402.34,5410.81,187007557
DSEX,10/08/2018,5419.38,5462.09,5410.81,5440.94,182218695
DSEX,10/09/2018,5450.48,5499.79,5440.94,5455.81,160320824
DSEX,10/10/2018,5463.60,5470.86,5433.12,5436.15,167813178
DSEX,10/11/2018,5447.06,5475.70,5433.83,5435.01,147519870
DSEX,10/14/2018,5437.76,5470.68,5431.35,5446.40,154717841
DSEX,10/15/2018,5450.93,5454.18,5380.73,5384.41,116295464
DSEX,10/16/2018,5388.08,5406.99,5365.66,5399.88,118579480
DSEX,10/17/2018,5405.29,5416.16,5376.57,5380.78,130743962
DSEX,10/18/2018,5385.13,5394.30,5365.98,5381.51,126336653
DSEX,10/21/2018,5385.53,5404.81,5325.92,5331.16,124368971
DSEX,10/22/2018,5339.43,5341.47,5251.95,5251.95,115194939
DSEX,10/23/2018,5264.68,5288.35,5231.32,5252.67,102805204
DSEX,10/24/2018,5263.46,5295.88,5252.67,5276.33,98346974
DSEX,10/25/2018,5275.12,5309.80,5273.05,5282.04,116380912
DSEX,10/28/2018,5277.78,5282.53,5212.23,5212.23,110769135
DSEX,10/29/2018,5214.34,5257.71,5190.41,5246.51,125985451
DSEX,10/30/2018,5265.24,5317.98,5246.51,5299.07,148548842
DSEX,10/31/2018,5295.01,5309.50,5275.02,5284.12,148388166
DSEX,11/01/2018,5292.75,5298.96,5254.52,5258.47,138059117
DSEX,11/04/2018,5265.28,5270.82,5234.13,5238.98,143395878
DSEX,11/05/2018,5239.44,5269.21,5223.67,5224.94,143196958
DSEX,11/06/2018,5228.71,5239.62,5203.35,5204.35,105143336
DSEX,11/07/2018,5208.65,5248.64,5204.35,5242.21,128436362
DSEX,11/08/2018,5249.50,5270.51,5242.21,5259.11,150204458
DSEX,11/11/2018,5271.14,5304.72,5259.11,5278.97,128705018
DSEX,11/12/2018,5284.72,5285.24,5235.74,5239.06,132009513
DSEX,11/13/2018,5245.11,5266.35,5239.06,5258.58,120948196
DSEX,11/14/2018,5273.63,5278.19,5234.77,5245.58,143593531
DSEX,11/15/2018,5245.58,5254.39,5237.56,5244.62,130756905
DSEX,11/18/2018,5244.62,5273.72,5244.62,5256.06,135708718
DSEX,11/19/2018,5256.06,5281.05,5250.47,5257.10,176160821
DSEX,11/20/2018,5257.10,5309.06,5256.32,5298.83,168025377
DSEX,11/22/2018,5298.83,5326.40,5298.83,5305.95,128905415
DSEX,11/25/2018,5313.19,5316.60,5268.38,5276.24,124784629
DSEX,11/26/2018,5276.24,5291.34,5276.24,5279.25,135327345
DSEX,11/27/2018,5279.25,5304.24,5279.25,5288.54,149105045
DSEX,11/28/2018,5288.54,5304.09,5281.24,5286.72,155499005
DSEX,11/29/2018,5286.72,5300.96,5272.44,5281.25,179691747
DSEX,12/02/2018,5281.25,5298.12,5275.41,5290.76,175692131
DSEX,12/03/2018,5290.76,5319.62,5290.76,5296.55,167637010
DSEX,12/04/2018,5296.55,5350.76,5296.55,5345.42,214055779
DSEX,12/05/2018,5345.42,5385.55,5345.42,5361.11,215842062
DSEX,12/06/2018,5361.11,5370.94,5326.29,5332.80,150585016
DSEX,12/09/2018,5332.80,5345.42,5303.94,5306.22,126995721
DSEX,12/10/2018,5306.22,5329.41,5280.72,5295.69,126798296
DSEX,12/11/2018,5295.69,5310.71,5259.40,5275.76,112939502
DSEX,12/12/2018,5275.76,5293.10,5259.87,5265.84,110401389
DSEX,12/13/2018,5265.84,5294.24,5250.44,5251.01,123738449
DSEX,12/17/2018,5251.01,5266.42,5216.23,5218.01,86002224
DSEX,12/18/2018,5218.01,5246.66,5218.01,5233.59,84353114
DSEX,12/19/2018,5233.59,5253.80,5233.59,5242.56,96288870
DSEX,12/20/2018,5242.56,5277.88,5242.56,5265.31,116117071
DSEX,12/23/2018,5265.31,5289.05,5263.76,5281.77,89288131
DSEX,12/24/2018,5281.77,5306.60,5280.46,5300.09,94498141
DSEX,12/26/2018,5303.14,5355.24,5300.09,5349.18,112875035
DSEX,12/27/2018,5352.55,5395.90,5345.91,5385.64,137755509
DSEX,01/01/2019,5413.06,5474.49,5385.64,5465.25,153047450
DSEX,01/02/2019,5476.64,5505.51,5443.26,5496.43,198372613
DSEX,01/03/2019,5508.91,5596.83,5496.43,5590.47,269486824
DSEX,01/06/2019,5608.44,5703.87,5585.74,5687.00,314245271
DSEX,01/07/2019,5702.60,5714.65,5646.01,5655.18,294047424
DSEX,01/08/2019,5664.41,5778.42,5655.18,5770.77,299381556
DSEX,01/09/2019,5783.90,5812.22,5764.19,5798.59,278680186
DSEX,01/10/2019,5811.11,5828.33,5781.59,5797.30,224767466
DSEX,01/13/2019,5815.14,5867.90,5797.30,5860.21,247238201
DSEX,01/14/2019,5862.72,5888.22,5833.75,5836.23,262277838
DSEX,01/15/2019,5848.41,5873.28,5834.73,5863.27,290819438
DSEX,01/16/2019,5879.14,5901.95,5833.58,5839.48,256152883
DSEX,01/17/2019,5843.52,5848.49,5810.64,5825.57,287571237
DSEX,01/20/2019,5852.94,5900.03,5825.57,5887.27,297353997
DSEX,01/21/2019,5903.02,5914.19,5855.20,5859.30,246161271
DSEX,01/22/2019,5863.73,5899.87,5851.55,5865.46,268949870
DSEX,01/23/2019,5865.50,5943.63,5865.46,5925.24,336051627
DSEX,01/24/2019,5925.24,5959.10,5925.24,5950.01,335663530
DSEX,01/27/2019,5950.01,5992.09,5932.15,5939.45,379210844
DSEX,01/28/2019,5939.45,5973.01,5898.03,5904.22,276402927
DSEX,01/29/2019,5904.22,5942.46,5894.73,5924.53,254505087
DSEX,01/30/2019,5934.92,5942.24,5881.46,5884.11,273524294
DSEX,01/31/2019,5893.75,5893.75,5816.84,5821.01,260347154
DSEX,02/03/2019,5821.01,5842.21,5795.39,5801.33,240669433
DSEX,02/04/2019,5801.33,5855.05,5801.33,5828.07,202913804
DSEX,02/05/2019,5828.07,5843.15,5788.98,5800.24,171913882
DSEX,02/06/2019,5800.24,5819.96,5771.46,5786.00,167927141
DSEX,02/07/2019,5786.00,5841.98,5786.00,5811.92,161761324
DSEX,02/10/2019,5811.92,5837.99,5760.03,5763.73,164652666
DSEX,02/11/2019,5763.73,5768.44,5709.93,5733.91,162163884
DSEX,02/12/2019,5733.91,5762.09,5717.38,5731.95,220266854
DSEX,02/13/2019,5731.95,5752.40,5731.95,5748.31,174715969
DSEX,02/14/2019,5748.31,5768.48,5738.91,5750.29,252500565
DSEX,02/17/2019,5750.29,5794.56,5750.29,5775.82,194909495
DSEX,02/18/2019,5775.82,5779.86,5721.04,5724.52,208137023
DSEX,02/19/2019,5724.52,5742.23,5713.48,5735.92,129327421
DSEX,02/20/2019,5735.92,5756.51,5735.92,5745.83,120491317
DSEX,02/24/2019,5745.83,5750.61,5710.35,5714.27,119877420
DSEX,02/25/2019,5714.27,5762.10,5714.27,5755.79,130242400
DSEX,02/26/2019,5755.79,5770.39,5735.16,5738.64,132439230
DSEX,02/27/2019,5738.64,5745.10,5703.17,5711.82,144450458
DSEX,03/03/2019,5711.82,5730.79,5704.67,5723.07,146138429
DSEX,03/04/2019,5723.07,5732.24,5680.61,5682.41,123658428
DSEX,03/05/2019,5682.41,5710.04,5678.43,5687.48,120093396
DSEX,03/06/2019,5687.48,5705.52,5682.47,5686.38,123724837
DSEX,03/07/2019,5686.38,5709.18,5676.46,5688.45,112102398
DSEX,03/10/2019,5688.45,5731.50,5688.45,5710.06,100599483
DSEX,03/11/2019,5710.06,5724.52,5687.63,5690.82,112952012
DSEX,03/12/2019,5690.82,5749.85,5667.83,5682.43,113128241
DSEX,03/13/2019,5682.43,5712.48,5650.80,5653.21,140933856
DSEX,03/14/2019,5653.21,5690.35,5652.53,5655.81,104535644
DSEX,03/18/2019,5655.81,5674.91,5588.32,5604.90,88226188
DSEX,03/19/2019,5604.90,5640.18,5578.88,5631.29,87152609
DSEX,03/20/2019,5631.29,5665.34,5594.86,5600.55,78618883
DSEX,03/21/2019,5600.55,5617.69,5570.15,5570.15,72887979
DSEX,03/24/2019,5570.15,5570.15,5507.57,5512.07,71905016
DSEX,03/25/2019,5512.07,5546.66,5506.85,5530.07,70655330
DSEX,03/27/2019,5530.07,5551.70,5499.60,5502.48,64800473
DSEX,03/28/2019,5502.48,5526.96,5502.48,5505.49,68310006
DSEX,03/31/2019,5505.49,5522.01,5489.37,5491.90,74995671
DSEX,04/01/2019,5491.90,5518.25,5491.90,5503.08,80998719
DSEX,04/02/2019,5503.08,5552.00,5503.08,5522.17,90309296
DSEX,04/03/2019,5522.17,5526.77,5450.55,5452.19,83807228
DSEX,04/04/2019,5452.19,5472.97,5422.87,5459.91,71444995
DSEX,04/07/2019,5459.91,5478.07,5431.90,5433.89,66093456
DSEX,04/08/2019,5433.89,5450.47,5368.67,5372.23,80482949
DSEX,04/09/2019,5372.23,5396.41,5311.07,5318.75,76471943
DSEX,04/10/2019,5318.75,5343.28,5259.57,5261.60,64026094
DSEX,04/11/2019,5261.60,5336.73,5261.60,5326.39,63821067
DSEX,04/15/2019,5326.39,5370.91,5306.89,5309.47,59092822
DSEX,04/16/2019,5309.47,5309.47,5225.18,5248.91,65705806
DSEX,04/17/2019,5248.91,5289.15,5221.81,5259.41,73683814
DSEX,04/18/2019,5259.41,5328.51,5256.98,5321.41,86045608
DSEX,04/21/2019,5321.41,5354.36,5308.94,5323.73,84257208
DSEX,04/23/2019,5329.42,5330.32,5255.88,5260.85,76392774
DSEX,04/24/2019,5260.48,5268.68,5210.19,5240.36,76924162
DSEX,04/25/2019,5240.07,5270.31,5240.07,5266.17,110200765
DSEX,04/28/2019,5264.24,5279.84,5235.77,5238.19,91799779
DSEX,04/29/2019,5235.86,5238.75,5169.11,5175.46,80109824
DSEX,04/30/2019,5182.83,5219.26,5175.46,5202.85,108894495
DSEX,05/02/2019,5217.53,5299.02,5202.85,5286.75,131810591
DSEX,05/05/2019,5305.72,5401.61,5286.75,5394.90,156601757
DSEX,05/06/2019,5408.64,5410.19,5339.64,5342.08,134707415
DSEX,05/07/2019,5348.72,5362.20,5281.75,5289.99,121476640
DSEX,05/08/2019,5293.82,5303.46,5261.87,5272.38,95277855
DSEX,05/09/2019,5278.89,5300.01,5264.74,5275.83,127300273
DSEX,05/12/2019,5286.15,5308.48,5268.76,5273.92,126859498
DSEX,05/13/2019,5279.27,5286.59,5242.59,5247.82,104460187
DSEX,05/14/2019,5247.54,5264.37,5213.30,5217.91,84831856
DSEX,05/15/2019,5221.25,5238.03,5192.26,5196.03,92796288
DSEX,05/16/2019,5199.53,5236.39,5196.03,5230.78,107724621
DSEX,05/19/2019,5258.30,5338.38,5230.78,5335.70,177422385
DSEX,05/20/2019,5335.29,5342.67,5268.31,5276.14,131860472
DSEX,05/21/2019,5270.58,5276.14,5223.15,5236.84,108444930
DSEX,05/22/2019,5241.12,5262.65,5235.54,5250.94,86110390
DSEX,05/23/2019,5252.91,5264.85,5247.78,5250.59,116960844
DSEX,05/26/2019,5254.98,5268.09,5235.94,5253.32,108624022
DSEX,05/27/2019,5254.01,5262.16,5244.06,5253.54,119877034
DSEX,05/28/2019,5256.65,5333.58,5253.54,5328.76,115005040
DSEX,05/29/2019,5329.83,5365.22,5327.54,5354.19,101699310
DSEX,05/30/2019,5357.18,5383.72,5353.88,5377.74,115315194
DSEX,06/09/2019,5382.44,5408.16,5377.74,5402.96,90834125
DSEX,06/10/2019,5409.56,5436.77,5400.93,5431.59,131139424
DSEX,06/11/2019,5438.69,5478.66,5431.59,5475.98,148515663
DSEX,06/12/2019,5478.53,5485.88,5456.42,5469.63,136778633
DSEX,06/13/2019,5473.02,5481.21,5462.83,5474.30,175835887
DSEX,06/16/2019,5493.36,5504.05,5428.08,5430.83,151324069
DSEX,06/17/2019,5436.35,5439.03,5371.29,5375.29,161170505
DSEX,06/18/2019,5377.68,5406.71,5370.49,5400.23,175952370
DSEX,06/19/2019,5405.48,5425.15,5400.23,5411.40,161701470
DSEX,06/20/2019,5421.67,5425.58,5393.70,5395.62,133805891
DSEX,06/23/2019,5398.43,5404.27,5372.36,5383.89,100480085
DSEX,06/24/2019,5383.93,5389.67,5364.27,5379.15,124535009
DSEX,06/25/2019,5380.74,5391.64,5376.16,5380.96,121649676
DSEX,06/26/2019,5383.95,5413.51,5380.96,5410.70,114773794
DSEX,06/27/2019,5416.90,5439.77,5410.70,5430.04,149010076
DSEX,06/30/2019,5430.04,5442.94,5417.67,5421.62,129308115
DSEX,07/02/2019,5421.62,5423.87,5373.26,5384.92,146238240
DSEX,07/03/2019,5384.92,5398.10,5371.17,5372.21,135463918
DSEX,07/04/2019,5372.21,5384.48,5364.47,5380.79,184260717
DSEX,07/07/2019,5380.79,5389.66,5331.46,5333.08,172928750
DSEX,07/08/2019,5333.08,5338.20,5306.57,5318.61,146926492
DSEX,07/09/2019,5318.61,5328.04,5271.25,5280.04,199088204
DSEX,07/10/2019,5280.04,5283.19,5225.49,5230.63,157252343
DSEX,07/11/2019,5230.63,5250.84,5206.59,5222.30,136365156
DSEX,07/14/2019,5222.30,5228.73,5175.19,5179.49,126937153
DSEX,07/15/2019,5179.49,5179.79,5084.35,5091.48,109468649
DSEX,07/16/2019,5091.48,5136.64,5089.05,5124.44,96280623
DSEX,07/17/2019,5124.44,5143.96,5120.87,5133.13,126609756
DSEX,07/18/2019,5133.13,5148.49,5125.52,5130.69,142093445
DSEX,07/21/2019,5130.69,5156.50,5026.81,5033.74,148618049
DSEX,07/22/2019,5033.74,5055.39,4924.79,4966.44,166029605
DSEX,07/23/2019,4966.44,5079.35,4966.44,5077.75,127723782
DSEX,07/24/2019,5077.75,5083.54,5019.91,5077.28,167722237
DSEX,07/25/2019,5077.28,5137.76,5077.28,5133.25,182675242
DSEX,07/28/2019,5133.25,5160.59,5120.25,5133.93,154683115
DSEX,07/29/2019,5133.93,5169.04,5133.93,5160.74,144559908
DSEX,07/30/2019,5160.74,5178.01,5119.67,5125.02,139491350
DSEX,07/31/2019,5125.02,5148.68,5112.95,5138.79,139380806
DSEX,08/01/2019,5138.79,5176.87,5138.79,5169.73,142241102
DSEX,08/04/2019,5169.74,5189.11,5169.73,5172.86,135731235
DSEX,08/05/2019,5172.86,5175.31,5143.60,5160.37,126190050
DSEX,08/06/2019,5160.37,5203.16,5160.37,5187.29,148183934
DSEX,08/07/2019,5187.29,5209.66,5183.34,5187.20,129450144
DSEX,08/08/2019,5187.20,5210.38,5178.45,5201.42,97915708
DSEX,08/18/2019,5201.42,5226.13,5199.95,5216.53,90617337
DSEX,08/19/2019,5216.53,5241.92,5216.53,5227.26,128599113
DSEX,08/20/2019,5227.26,5259.15,5222.04,5227.49,128549447
DSEX,08/21/2019,5227.49,5245.36,5217.75,5223.41,156781388
DSEX,08/22/2019,5223.41,5254.64,5223.41,5236.85,165411333
DSEX,08/25/2019,5236.85,5261.47,5220.56,5223.72,149064474
DSEX,08/26/2019,5223.72,5223.72,5159.11,5165.76,131553729
DSEX,08/27/2019,5165.76,5186.21,5163.30,5178.70,123725835
DSEX,08/28/2019,5178.70,5201.03,5137.57,5139.99,112919462
DSEX,08/29/2019,5139.99,5144.95,5093.19,5095.77,112706613
DSEX,09/01/2019,5095.77,5111.54,5070.24,5070.68,80133432
DSEX,09/02/2019,5070.68,5082.77,5030.10,5033.53,106478224
DSEX,09/03/2019,5033.53,5044.85,4996.42,5007.05,90776756
DSEX,09/04/2019,5007.05,5022.94,4976.63,4986.37,91813370
DSEX,09/05/2019,4986.37,5025.48,4986.37,5013.01,110779302
DSEX,09/08/2019,5013.02,5050.67,5013.01,5033.79,96934026
DSEX,09/09/2019,5033.79,5044.87,5002.76,5008.96,95835124
DSEX,09/11/2019,5008.96,5017.30,4930.09,4933.17,128363126
DSEX,09/12/2019,4933.17,4942.53,4906.99,4933.89,89614648
DSEX,09/15/2019,4933.89,4946.22,4915.28,4942.23,76930475
DSEX,09/16/2019,4942.23,4970.46,4939.71,4959.73,90515526
DSEX,09/17/2019,4959.73,4990.89,4925.45,4928.98,104377815
DSEX,09/18/2019,4928.98,4964.23,4885.85,4888.01,97689655
DSEX,09/19/2019,4888.01,4927.55,4839.08,4855.98,97319904
DSEX,09/22/2019,4855.98,4930.02,4855.98,4920.96,66617098
DSEX,09/23/2019,4920.96,5036.32,4920.96,5000.23,142975202
DSEX,09/24/2019,5000.23,5016.39,4953.98,4958.72,128237802
DSEX,09/25/2019,4958.72,4970.88,4916.84,4951.73,105989383
DSEX,09/26/2019,4951.73,4984.06,4951.73,4968.46,118483564
DSEX,09/29/2019,4968.46,4997.11,4962.83,4975.73,123120629
DSEX,09/30/2019,4975.73,4984.94,4946.82,4947.63,228242684
DSEX,10/01/2019,4947.64,4967.81,4936.21,4949.39,105106105
DSEX,10/02/2019,4949.40,4961.54,4932.41,4936.37,109518373
DSEX,10/03/2019,4946.93,4958.13,4931.30,4937.82,126067143
DSEX,10/06/2019,4939.89,4955.67,4916.68,4916.68,101461270
DSEX,10/07/2019,4916.69,4921.69,4886.66,4894.31,104271288
DSEX,10/09/2019,4894.31,4904.61,4860.59,4862.25,94358773
DSEX,10/10/2019,4862.26,4864.74,4805.60,4810.21,94728284
DSEX,10/13/2019,4810.22,4829.46,4759.22,4761.87,85992563
DSEX,10/14/2019,4761.88,4769.65,4708.53,4711.30,96452518
DSEX,10/15/2019,4728.18,4827.48,4711.30,4821.64,105846585
DSEX,10/16/2019,4829.90,4830.89,4763.67,4781.62,94767877
DSEX,10/17/2019,4774.78,4781.62,4741.98,4770.99,100551701
DSEX,10/20/2019,4769.68,4796.99,4761.38,4782.09,104737889
DSEX,10/21/2019,4784.94,4790.97,4753.35,4761.42,115888787
DSEX,10/22/2019,4765.32,4774.62,4694.82,4708.68,97269680
DSEX,10/23/2019,4711.70,4738.75,4692.41,4726.62,91502124
DSEX,10/24/2019,4734.21,4778.02,4723.24,4772.00,104753099
DSEX,10/27/2019,4772.95,4784.53,4739.89,4752.64,83997660
DSEX,10/28/2019,4748.06,4752.64,4692.23,4699.22,117688901
DSEX,10/29/2019,4699.23,4713.80,4656.23,4670.74,134234250
DSEX,10/30/2019,4670.75,4697.16,4670.74,4683.20,111439034
DSEX,10/31/2019,4683.21,4701.86,4654.99,4682.90,136764152
DSEX,11/03/2019,4682.90,4721.09,4682.90,4712.08,116886701
DSEX,11/04/2019,4712.09,4720.67,4665.58,4678.36,94533228
DSEX,11/05/2019,4678.36,4710.11,4678.36,4703.70,107976785
DSEX,11/06/2019,4703.70,4756.53,4703.70,4754.69,141536517
DSEX,11/07/2019,4761.76,4783.87,4754.69,4771.91,128916602
DSEX,11/11/2019,4771.91,4793.02,4767.31,4781.47,100128013
DSEX,11/12/2019,4781.47,4798.34,4772.62,4779.18,132934246
DSEX,11/13/2019,4779.19,4784.31,4732.15,4737.17,135198841
DSEX,11/14/2019,4737.17,4740.33,4689.69,4710.36,114807750
DSEX,11/17/2019,4710.36,4726.03,4708.00,4717.39,125849047
DSEX,11/18/2019,4717.39,4738.51,4717.39,4722.01,133400400
DSEX,11/19/2019,4722.01,4738.21,4720.50,4722.37,128435394
DSEX,11/20/2019,4722.37,4732.47,4686.38,4691.93,122038342
DSEX,11/21/2019,4691.93,4722.76,4691.93,4706.66,146001349
DSEX,11/24/2019,4706.66,4722.31,4686.57,4688.42,134376870
DSEX,11/25/2019,4688.42,4706.19,4686.33,4693.62,159477829
DSEX,11/26/2019,4693.62,4726.29,4693.62,4722.30,227475494
DSEX,11/27/2019,4722.31,4765.43,4722.30,4730.34,215784670
DSEX,11/28/2019,4730.34,4749.51,4719.06,4731.43,187641736
DSEX,12/01/2019,4731.44,4764.32,4731.43,4758.81,242701500
DSEX,12/02/2019,4758.81,4796.14,4729.20,4734.59,228595688
DSEX,12/03/2019,4734.59,4748.14,4691.52,4697.35,160821294
DSEX,12/04/2019,4697.35,4729.28,4697.35,4702.98,193375172
DSEX,12/05/2019,4702.98,4723.42,4669.76,4671.33,177403887
DSEX,12/08/2019,4671.33,4683.42,4590.74,4596.00,139474172
DSEX,12/09/2019,4596.00,4619.11,4525.49,4533.75,104005491
DSEX,12/10/2019,4533.75,4572.95,4503.25,4506.93,109992875
DSEX,12/11/2019,4506.93,4539.93,4505.34,4512.39,109471417
DSEX,12/12/2019,4512.39,4532.68,4488.01,4514.44,131829340
DSEX,12/15/2019,4514.44,4523.45,4494.15,4498.49,121625590
DSEX,12/17/2019,4498.49,4501.61,4413.38,4419.82,108356124
DSEX,12/18/2019,4419.83,4428.04,4383.46,4417.95,97068775
DSEX,12/19/2019,4417.95,4467.86,4417.95,4456.83,107613118
DSEX,12/22/2019,4456.83,4456.83,4420.62,4430.95,102990371
DSEX,12/23/2019,4430.95,4435.64,4392.56,4394.44,101390810
DSEX,12/24/2019,4394.44,4415.32,4381.80,4390.67,84909360
DSEX,12/26/2019,4390.67,4434.63,4390.67,4418.83,99846045
